{
	"name": "ceewpay_Table_optimize",
	"properties": {
		"annotations": [],
		"runtimeState": "Stopped",
		"pipelines": [
			{
				"pipelineReference": {
					"referenceName": "Table_Optimization",
					"type": "PipelineReference"
				},
				"parameters": {
					"Parameter_File_Name": "parameter_Crpay_Optimize.json"
				}
			}
		],
		"type": "ScheduleTrigger",
		"typeProperties": {
			"recurrence": {
				"frequency": "Week",
				"interval": 1,
				"startTime": "2025-01-17T15:35:00",
				"timeZone": "Central Standard Time",
				"schedule": {
					"minutes": [
						0
					],
					"hours": [
						15
					],
					"weekDays": [
						"Sunday"
					]
				}
			}
		}
	}
}