{
	"name": "crewpay_ppd",
	"properties": {
		"annotations": [],
		"runtimeState": "Stopped",
		"pipelines": [
			{
				"pipelineReference": {
					"referenceName": "pl_crewpay_master",
					"type": "PipelineReference"
				},
				"parameters": {
					"Crewpay_Run": "PPD",
					"LOAD_TYPE": "S",
					"Parameter_File_Name": "Parameters.json"
				}
			}
		],
		"type": "BlobEventsTrigger",
		"typeProperties": {
			"blobPathBeginsWith": "/crpay-pii/blobs/raw-pii/PPD/conversionReport.AAPPD",
			"ignoreEmptyBlobs": true,
			"scope": "/subscriptions/ae0b13d9-e09c-4e54-b1e6-8e777d8fbe14/resourceGroups/ba-n-zeaus-orion-dls-rg/providers/Microsoft.Storage/storageAccounts/aabaoriondlsnp",
			"events": [
				"Microsoft.Storage.BlobCreated"
			]
		}
	}
}