{
	"name": "crewpay_oaoom",
	"properties": {
		"description": "Extract OAOOM logs, Optimus and API schedule info",
		"annotations": [],
		"runtimeState": "Stopped",
		"pipelines": [
			{
				"pipelineReference": {
					"referenceName": "pl_oaoom_optimus_adbde_pbi",
					"type": "PipelineReference"
				},
				"parameters": {
					"WRAPPER_PROGRAM": "/crpay/crpay_pii/PBI-ADFLog_OPT",
					"Parameter_File_Name": "PBIParameters.json"
				}
			}
		],
		"type": "ScheduleTrigger",
		"typeProperties": {
			"recurrence": {
				"frequency": "Day",
				"interval": 1,
				"startTime": "2022-03-24T13:18:00",
				"timeZone": "Central Standard Time",
				"schedule": {
					"minutes": [
						0
					],
					"hours": [
						8,
						12,
						16,
						1
					]
				}
			}
		}
	}
}