{
	"name": "oaoom_optimize",
	"properties": {
		"annotations": [],
		"runtimeState": "Stopped",
		"pipelines": [
			{
				"pipelineReference": {
					"referenceName": "pl_oaoom_log_tbl_optimize",
					"type": "PipelineReference"
				},
				"parameters": {
					"WRAPPER_PROGRAM": "/crpay/crpay_pii/nb_oaoom_log_tbl_optimize",
					"Parameter_File_Name": "PBIParameters.json"
				}
			}
		],
		"type": "ScheduleTrigger",
		"typeProperties": {
			"recurrence": {
				"frequency": "Week",
				"interval": 1,
				"startTime": "2024-04-17T14:00:00",
				"timeZone": "Central Standard Time",
				"schedule": {
					"minutes": [
						0
					],
					"hours": [
						2
					],
					"weekDays": [
						"Sunday"
					]
				}
			}
		}
	}
}