{
    "name": "ls_crewpay_adb_temp",
    "properties": {
        "annotations": [],
        "parameters": {
            "Secret_Name": {
                "type": "string"
            },
            "WorkspaceURL": {
                "type": "string"
            }
        },
        "type": "AzureDatabricks",
        "typeProperties": {
            "accessToken": {
                "secretName": {
                    "type": "Expression",
                    "value": "@linkedService().Secret_Name"
                },
                "store": {
                    "referenceName": "ls_crewpay_kv",
                    "type": "LinkedServiceReference",
                    "parameters": {
                        "KeyVaultDNSName": "https://ba-p-zeaus-crpay-kv.vault.azure.net/"
                    }
                },
                "type": "AzureKeyVaultSecret"
            },
            "clusterOption": "Autoscaling",
            "dataSecurityMode": "NONE",
            "domain": "@linkedService().WorkspaceURL",
			"policyId": "0013D5F9A20F210C",
            "newClusterCustomTags": {
                "x_aa-app-id": "7678077",
                "x_aa-application": "enycw",
                "x_aa-costcenter": "0900/1973",
                "x_ba-delivery-manager": " 660554",
                "x_ba-delivery-team-email": "DL_BA_Crew@aa.com",
                "x_ba-product": "Data Engineering and Analytics Services",
                "x_ba-product-group": "Data Engineering Automation and Analytics",
                "x_ba-subproduct": "Data Engineering and Analytics Services"
            },
            "newClusterDriverNodeType": "Standard_E16ds_v5",
            "newClusterInitScripts": [
                "/Orionplatform/initscripts/orion-external-metastore.bash",
                "/Orionplatform/initscripts/orion-packages-aa-com-pypi.sh",
                "/dataops/initscripts/orion-set-dls-prod-etc-hosts.sh",
                "/Orionplatform/initscripts/orion-teradata-installer.sh",
                "/Orionplatform/initscripts/orion-O365-installer.sh"
            ],
            "newClusterNodeType": "Standard_E16ds_v5",
            "newClusterNumOfWorker": "5",
            "newClusterSparkConf": {
                "fs.azure.account.auth.type.aabaoriondlsprod.dfs.core.windows.net": "OAuth",
                "fs.azure.account.oauth.provider.type.aabaoriondlsprod.dfs.core.windows.net": "org.apache.hadoop.fs.azurebfs.oauth2.ClientCredsTokenProvider",
                "fs.azure.account.oauth2.client.endpoint.aabaoriondlsprod.dfs.core.windows.net": "https://login.microsoftonline.com/49793faf-eb3f-4d99-a0cf-aef7cce79dc1/oauth2/token",
                "fs.azure.account.oauth2.client.id.aabaoriondlsprod.dfs.core.windows.net": "55c4786a-e2df-47b5-abd1-9dfe033443bc",
                "fs.azure.account.oauth2.client.secret.aabaoriondlsprod.dfs.core.windows.net": "{{secrets/p-crpay-sp-secret-scope/ba-p-crpay-001-sp-secret}}",
                "spark.databricks.delta.preview.enabled": "true"
            },
            "newClusterSparkEnvVars": {
                "METACXN": "{{secrets/orion-meta-adb-secret-scope/orion-001-metadbcxn-secret}}",
                "METAPASS": "{{secrets/orion-meta-adb-secret-scope/orion-001-metadbpass-secret}}",
                "METAUSER": "{{secrets/orion-meta-adb-secret-scope/orion-001-metadbuser-secret}}",
                "PACK_PYPI_URL": "{{secrets/orion-meta-adb-secret-scope/orion-001-packpyurl-secret}}",
                "PACK_USER_TOKEN": "{{secrets/orion-meta-adb-secret-scope/orion-001-packusertoken-secret}}",
                "PYSPARK_PYTHON": "/databricks/python3/bin/python3"
            },
            "newClusterVersion": "14.3.x-scala2.12"
        }
    }
}
