{
	"Adls_Container": "crpay",
	"From_Email": "DL_BA_AirlineOperations@aa.com",
	"To_Email_Support": "achintalapal@dxc.com sateesh.kum.p@dxc.com",
	"Databricks_Workspace_URL": "https://adb-12293667324264.4.azuredatabricks.net/",
	"Secret_Name": "ba-p-crpay-adbde-west-secret",
	"ClusterID": "0125-205334-fetal3-pool-cnlotm0j",
	"KeyVaultDNSName" : "https://ba-p-zweus-crwdtaprtl-kv.vault.azure.net",
	"secret_scope" : "p-crwdtaprtl-sp-secret-scope",
	"app_key" : "ba-p-crpay-001-sp-secret",
	"app_tenant_id" : "49793faf-eb3f-4d99-a0cf-aef7cce79dc1",
	"clinet_id" : "55c4786a-e2df-47b5-abd1-9dfe033443bc",
	"resource_id" : "OrionCrew.Prod@aa.com",
	"Optimize_Tables" : "/crpay/crpay_pii/Optimize_Tables",
	"ADB_ENV" : "P",
	"policyId" : "001ED841732812F9",
	"newClusterVersion" : "13.3.x-scala2.12",
	"storage_name" : "bapeausstgcrwdtaprtl",
	"storage_key" : "ba-p-bapeausstgcrwdtaprtl-blob-key",
	"config_File_Daily_Weekly" : "wasbs://crpay@bapeausstgcrwdtaprtl.blob.core.windows.net/optimize_tables_daily_weekly.txt",
	"config_File_Monthly" :  "wasbs://crpay@bapeausstgcrwdtaprtl.blob.core.windows.net/optimize_tables_monthly.txt"
}