{
	"name": "JSE_API_webactivity",
	"properties": {
		"activities": [
			{
				"name": "Web1",
				"type": "WebActivity",
				"dependsOn": [],
				"policy": {
					"timeout": "7.00:00:00",
					"retry": 0,
					"retryIntervalInSeconds": 30,
					"secureOutput": false,
					"secureInput": false
				},
				"userProperties": [],
				"typeProperties": {
					"url": "https://stack-loadb-oglbgkg9m9bk-457975301.us-east-1.elb.amazonaws.com/JRTapi/ToJSE/FileDelete/AALDC.1905.bin",
					"method": "GET"
				}
			}
		],
		"annotations": []
	}
}