{
	"name": "JSE_API_copy",
	"properties": {
		"activities": [
			{
				"name": "Copy data1",
				"type": "Copy",
				"dependsOn": [],
				"policy": {
					"timeout": "7.00:00:00",
					"retry": 0,
					"retryIntervalInSeconds": 30,
					"secureOutput": false,
					"secureInput": false
				},
				"userProperties": [],
				"typeProperties": {
					"source": {
						"type": "RestSource",
						"httpRequestTimeout": "00:01:40",
						"requestInterval": "00.00:00:00.010",
						"requestMethod": "GET"
					},
					"sink": {
						"type": "JsonSink",
						"storeSettings": {
							"type": "AzureBlobFSWriteSettings"
						},
						"formatSettings": {
							"type": "JsonWriteSettings"
						}
					},
					"enableStaging": false
				},
				"inputs": [
					{
						"referenceName": "jse_Restapi",
						"type": "DatasetReference",
						"parameters": {
							"drainName": "PPA",
							"restAPI_URL": {
								"value": "@pipeline().parameters.RestAPI",
								"type": "Expression"
							}
						}
					}
				],
				"outputs": [
					{
						"referenceName": "jse_api_test",
						"type": "DatasetReference"
					}
				]
			}
		],
		"parameters": {
			"RestAPI": {
				"type": "string"
			}
		},
		"folder": {
			"name": "JSE_API"
		},
		"annotations": []
	}
}