{
	"name": "pipeline4",
	"properties": {
		"activities": [
			{
				"name": "Job Cluster Test",
				"type": "DatabricksNotebook",
				"dependsOn": [],
				"policy": {
					"timeout": "7.00:00:00",
					"retry": 0,
					"retryIntervalInSeconds": 30,
					"secureOutput": false,
					"secureInput": false
				},
				"userProperties": [],
				"typeProperties": {
					"notebookPath": {
						"value": "/Users/260682@corpaa.aa.com/Crpay_Jobcluster_Test",
						"type": "Expression"
					}
				},
				"linkedServiceName": {
					"referenceName": "ls_crewpay_adb_temp",
					"type": "LinkedServiceReference",
					"parameters": {
						"WorkspaceURL": {
							"value": "https://eastus.azuredatabricks.net",
							"type": "Expression"
						},
						"Secret_Name": {
							"value": "ba-p-crpay-adbde-secret",
							"type": "Expression"
						},
						"ClusterID": {
							"value": "0228-191415-l7547j76",
							"type": "Expression"
						},
						"KeyVaultDNSName": {
							"value": "https://ba-p-zeaus-crpay-kv.vault.azure.net/",
							"type": "Expression"
						}
					}
				}
			}
		],
		"annotations": []
	}
}