{
	"name": "pipeline1",
	"properties": {
		"activities": [
			{
				"name": "Get Metadata1",
				"description": "this is to get the metadata",
				"type": "GetMetadata",
				"dependsOn": [],
				"policy": {
					"timeout": "7.00:00:00",
					"retry": 0,
					"retryIntervalInSeconds": 30,
					"secureOutput": false,
					"secureInput": false
				},
				"userProperties": [],
				"typeProperties": {
					"dataset": {
						"referenceName": "ds_crewpay",
						"type": "DatasetReference",
						"parameters": {
							"path": "raw-pii/PPB"
						}
					},
					"fieldList": [
						"childItems"
					],
					"storeSettings": {
						"type": "AzureBlobFSReadSettings",
						"recursive": true,
						"enablePartitionDiscovery": false
					},
					"formatSettings": {
						"type": "JsonReadSettings"
					}
				}
			},
			{
				"name": "ForEach1",
				"type": "ForEach",
				"dependsOn": [
					{
						"activity": "Get Metadata1",
						"dependencyConditions": [
							"Succeeded"
						]
					}
				],
				"userProperties": [],
				"typeProperties": {
					"items": {
						"value": "@activity('Get Metadata1').output.childItems",
						"type": "Expression"
					},
					"isSequential": false,
					"batchCount": 2,
					"activities": [
						{
							"name": "Copy data1",
							"type": "Copy",
							"dependsOn": [],
							"policy": {
								"timeout": "7.00:00:00",
								"retry": 0,
								"retryIntervalInSeconds": 30,
								"secureOutput": false,
								"secureInput": false
							},
							"userProperties": [],
							"typeProperties": {
								"source": {
									"type": "BinarySource",
									"storeSettings": {
										"type": "AzureBlobFSReadSettings",
										"recursive": true,
										"wildcardFolderPath": "raw-pii/PPB",
										"wildcardFileName": {
											"value": "@item().name",
											"type": "Expression"
										},
										"deleteFilesAfterCompletion": false
									},
									"formatSettings": {
										"type": "BinaryReadSettings"
									}
								},
								"sink": {
									"type": "BinarySink",
									"storeSettings": {
										"type": "AzureBlobFSWriteSettings"
									}
								},
								"enableStaging": false
							},
							"inputs": [
								{
									"referenceName": "ds_raw_binary_copy1",
									"type": "DatasetReference"
								}
							],
							"outputs": [
								{
									"referenceName": "ds_raw_archive_copy1",
									"type": "DatasetReference",
									"parameters": {
										"filename": {
											"value": "@item().name",
											"type": "Expression"
										}
									}
								}
							]
						}
					]
				}
			}
		],
		"folder": {
			"name": "Test"
		},
		"annotations": []
	}
}