{
	"name": "pipeline2",
	"properties": {
		"activities": [
			{
				"name": "Copy data1",
				"description": "this is a test for git cloud migration",
				"type": "Copy",
				"dependsOn": [],
				"policy": {
					"timeout": "7.00:00:00",
					"retry": 0,
					"retryIntervalInSeconds": 30,
					"secureOutput": false,
					"secureInput": false
				},
				"userProperties": [],
				"typeProperties": {
					"source": {
						"type": "JsonSource",
						"storeSettings": {
							"type": "AzureBlobFSReadSettings",
							"recursive": true,
							"enablePartitionDiscovery": false
						},
						"formatSettings": {
							"type": "JsonReadSettings"
						}
					},
					"sink": {
						"type": "JsonSink",
						"storeSettings": {
							"type": "AzureBlobStorageWriteSettings"
						},
						"formatSettings": {
							"type": "JsonWriteSettings"
						}
					},
					"enableStaging": false
				},
				"inputs": [
					{
						"referenceName": "ds_crewpay_vdjson",
						"type": "DatasetReference",
						"parameters": {
							"path": "raw-pii/VD_REPORT/VD_HIST_JSON",
							"filename": "VDR.ACRPPLEG.Y2020.D0107.20210331153136.1.json"
						}
					}
				],
				"outputs": [
					{
						"referenceName": "ds_crewpay_blob_ptest",
						"type": "DatasetReference"
					}
				]
			}
		],
		"annotations": []
	}
}