{
	"name": "pl_archive_zone_raw",
	"properties": {
		"activities": [
			{
				"name": "Archive_zone_Raw",
				"type": "Copy",
				"dependsOn": [],
				"policy": {
					"timeout": "7.00:00:00",
					"retry": 0,
					"retryIntervalInSeconds": 30,
					"secureOutput": false,
					"secureInput": false
				},
				"userProperties": [],
				"typeProperties": {
					"source": {
						"type": "JsonSource",
						"storeSettings": {
							"type": "AzureBlobFSReadSettings",
							"recursive": true,
							"wildcardFileName": "*.json",
							"enablePartitionDiscovery": false
						},
						"formatSettings": {
							"type": "JsonReadSettings"
						}
					},
					"sink": {
						"type": "JsonSink",
						"storeSettings": {
							"type": "AzureBlobFSWriteSettings"
						},
						"formatSettings": {
							"type": "JsonWriteSettings"
						}
					},
					"enableStaging": false
				},
				"inputs": [
					{
						"referenceName": "ds_crewpay",
						"type": "DatasetReference",
						"parameters": {
							"path": {
								"value": "@concat('his-converted-archive/',pipeline().parameters.Archive_Foldername)",
								"type": "Expression"
							}
						}
					}
				],
				"outputs": [
					{
						"referenceName": "ds_crewpay",
						"type": "DatasetReference",
						"parameters": {
							"path": {
								"value": "@concat('raw-pii/',pipeline().parameters.Raw_Path)",
								"type": "Expression"
							}
						}
					}
				]
			}
		],
		"parameters": {
			"Archive_Foldername": {
				"type": "string"
			},
			"Raw_Path": {
				"type": "string"
			}
		},
		"folder": {
			"name": "Crewpay"
		},
		"annotations": []
	}
}