{
	"name": "pl_crewpay_master_copy3",
	"properties": {
		"activities": [
			{
				"name": "Pre_Post_Job",
				"type": "IfCondition",
				"dependsOn": [
					{
						"activity": "InputFileName",
						"dependencyConditions": [
							"Succeeded"
						]
					}
				],
				"userProperties": [],
				"typeProperties": {
					"expression": {
						"value": "@if(or(equals(pipeline().parameters.Crewpay_Run,'PPB'),equals(pipeline().parameters.Crewpay_Run,'PPD')),'true','false')",
						"type": "Expression"
					},
					"ifFalseActivities": [
						{
							"name": "pl_crewpay_postrun",
							"type": "ExecutePipeline",
							"dependsOn": [],
							"policy": {
								"secureInput": false
							},
							"userProperties": [],
							"typeProperties": {
								"pipeline": {
									"referenceName": "pl_crewpay_postrun",
									"type": "PipelineReference"
								},
								"waitOnCompletion": true,
								"parameters": {
									"prog28ac_Input_File": {
										"value": "@activity('Parameters').Output.firstRow.Parameters.Raw_Input_Path",
										"type": "Expression"
									},
									"prog28ac_Output_File_Report": {
										"value": "@activity('Parameters').Output.firstRow.Parameters.Prep_Output_File_Report",
										"type": "Expression"
									},
									"prog28ac_Output_File_Data": {
										"value": "@activity('Parameters').Output.firstRow.Parameters.Data_Output_File_Data",
										"type": "Expression"
									},
									"prog29_Output_File_Data": {
										"value": "@activity('Parameters').Output.firstRow.Parameters.Data_Output_File_Data",
										"type": "Expression"
									},
									"prog30_Output_File_Report": {
										"value": "@activity('Parameters').Output.firstRow.Parameters.Prep_Output_File_Report",
										"type": "Expression"
									},
									"prog30_Output_File_Data": {
										"value": "@activity('Parameters').Output.firstRow.Parameters.Data_Output_File_Data",
										"type": "Expression"
									},
									"CrewPay_CRP029_ab_Path": {
										"value": "@activity('Parameters').Output.firstRow.Parameters.DB_CRP029",
										"type": "Expression"
									},
									"CrewPay_CRP030_ab_Path": {
										"value": "@activity('Parameters').Output.firstRow.Parameters.DB_CRP030",
										"type": "Expression"
									},
									"CrewPay_CRP029_cd_Path": {
										"value": "@activity('Parameters').Output.firstRow.Parameters.DB_CRP029",
										"type": "Expression"
									},
									"CrewPay_CRP030_cd_Path": {
										"value": "@activity('Parameters').Output.firstRow.Parameters.DB_CRP030",
										"type": "Expression"
									},
									"WorkspaceURL": {
										"value": "@activity('Parameters').Output.firstRow.Parameters.WorkspaceURL",
										"type": "Expression"
									},
									"ClusterID": {
										"value": "@activity('Parameters').Output.firstRow.Parameters.ClusterID",
										"type": "Expression"
									},
									"Secret_Name": {
										"value": "@activity('Parameters').Output.firstRow.Parameters.Secret_Name",
										"type": "Expression"
									},
									"Count_Validation": {
										"value": "@activity('Parameters').Output.firstRow.Parameters.Count_Validation",
										"type": "Expression"
									},
									"epays_Output_File_Report": {
										"value": "@activity('Parameters').Output.firstRow.Parameters.epays_Output_File_Report",
										"type": "Expression"
									},
									"NB_Path_28": {
										"value": "@activity('Parameters').Output.firstRow.Parameters.DB_CRP028",
										"type": "Expression"
									},
									"Adf_Name": {
										"value": "@pipeline().DataFactory",
										"type": "Expression"
									},
									"Pipeline_Name": {
										"value": "@pipeline().Pipeline",
										"type": "Expression"
									},
									"To_Email": {
										"value": "@activity('Parameters').Output.firstRow.Parameters.To_Email",
										"type": "Expression"
									},
									"From_Email": {
										"value": "@activity('Parameters').Output.firstRow.Parameters.From_Email",
										"type": "Expression"
									},
									"WRAPPER_PROGRAM": {
										"value": "@activity('Parameters').Output.firstRow.Parameters.WRAPPER_PROGRAM",
										"type": "Expression"
									},
									"STG_epays_Output_File_Report": {
										"value": "@activity('Parameters').Output.firstRow.Parameters.STG_epays_Output_File_Report",
										"type": "Expression"
									},
									"STG_Output_File_Report": {
										"value": "@activity('Parameters').Output.firstRow.Parameters.STG_Output_File_Report",
										"type": "Expression"
									},
									"Rejected_Records_path": {
										"value": "@activity('Parameters').Output.firstRow.Parameters.Rejected_Records_path",
										"type": "Expression"
									},
									"Operational_Metadata_Path": {
										"value": "@activity('Parameters').Output.firstRow.Parameters.Operational_Metadata_Path",
										"type": "Expression"
									},
									"Indicator_File_Path": {
										"value": "@activity('Parameters').Output.firstRow.Parameters.Indicator_File_Path",
										"type": "Expression"
									},
									"BLOB_NAME": {
										"value": "@activity('Parameters').Output.firstRow.Parameters.BLOB_NAME",
										"type": "Expression"
									},
									"epays_archive_path": {
										"value": "@activity('Parameters').Output.firstRow.Parameters.epays_archive_path",
										"type": "Expression"
									},
									"Postcapture_Run": {
										"value": "@pipeline().parameters.Crewpay_Run",
										"type": "Expression"
									},
									"LOAD_TYPE": {
										"value": "@pipeline().parameters.LOAD_TYPE",
										"type": "Expression"
									},
									"Year": {
										"value": "@pipeline().parameters.Year",
										"type": "Expression"
									},
									"Month": {
										"value": "@pipeline().parameters.Month",
										"type": "Expression"
									},
									"Crewpay_Run": {
										"value": "@pipeline().parameters.Crewpay_Run",
										"type": "Expression"
									},
									"KeyVaultDNSName": {
										"value": "@activity('Parameters').Output.firstRow.Parameters.KeyVaultDNSName",
										"type": "Expression"
									},
									"SecretName_EpaySecret": {
										"value": "@activity('Parameters').Output.firstRow.Parameters.SecretName_EpaySecret",
										"type": "Expression"
									}
								}
							}
						}
					],
					"ifTrueActivities": [
						{
							"name": "pl_crewpy_Precapture_Run",
							"type": "ExecutePipeline",
							"dependsOn": [],
							"policy": {
								"secureInput": false
							},
							"userProperties": [],
							"typeProperties": {
								"pipeline": {
									"referenceName": "pl_crewpay_Precapture_Run",
									"type": "PipelineReference"
								},
								"waitOnCompletion": true,
								"parameters": {
									"prog28bd_Output_File_Report": {
										"value": "@activity('Parameters').Output.firstRow.Parameters.Prep_Output_File_Report",
										"type": "Expression"
									},
									"prog28bd_Output_File_Data": {
										"value": "@activity('Parameters').Output.firstRow.Parameters.Data_Output_File_Data",
										"type": "Expression"
									},
									"CrewPay_CRP028bd_Path": {
										"value": "@activity('Parameters').Output.firstRow.Parameters.Raw_Input_Path",
										"type": "Expression"
									},
									"WorkspaceURL": {
										"value": "@activity('Parameters').Output.firstRow.Parameters.WorkspaceURL",
										"type": "Expression"
									},
									"ClusterID": {
										"value": "@activity('Parameters').Output.firstRow.Parameters.ClusterID",
										"type": "Expression"
									},
									"Secret_Name": {
										"value": "@activity('Parameters').Output.firstRow.Parameters.Secret_Name",
										"type": "Expression"
									},
									"Count_Validation": {
										"value": "@activity('Parameters').Output.firstRow.Parameters.Count_Validation",
										"type": "Expression"
									},
									"NB_Path_28": {
										"value": "@activity('Parameters').Output.firstRow.Parameters.DB_CRP028",
										"type": "Expression"
									},
									"Adf_Name": {
										"value": "@pipeline().DataFactory",
										"type": "Expression"
									},
									"Pipeline_Name": {
										"value": "@pipeline().Pipeline",
										"type": "Expression"
									},
									"sender_email": {
										"value": "@activity('Parameters').Output.firstRow.Parameters.From_Email",
										"type": "Expression"
									},
									"receiver_email": {
										"value": "@activity('Parameters').Output.firstRow.Parameters.To_Email",
										"type": "Expression"
									},
									"WRAPPER_PROGRAM": {
										"value": "@activity('Parameters').Output.firstRow.Parameters.WRAPPER_PROGRAM",
										"type": "Expression"
									},
									"Rejected_Records_path": {
										"value": "@activity('Parameters').Output.firstRow.Parameters.Rejected_Records_path",
										"type": "Expression"
									},
									"Operational_Metadata_Path": {
										"value": "@activity('Parameters').Output.firstRow.Parameters.Operational_Metadata_Path",
										"type": "Expression"
									},
									"Indicator_File_Path": {
										"value": "@activity('Parameters').Output.firstRow.Parameters.Indicator_File_Path",
										"type": "Expression"
									},
									"Precapture_Run": {
										"value": "@pipeline().parameters.Crewpay_Run",
										"type": "Expression"
									},
									"LOAD_TYPE": {
										"value": "@pipeline().parameters.LOAD_TYPE",
										"type": "Expression"
									},
									"Crewpay_Run": {
										"value": "@pipeline().parameters.Crewpay_Run",
										"type": "Expression"
									}
								}
							}
						}
					]
				}
			},
			{
				"name": "Parameters",
				"description": "parameter",
				"type": "Lookup",
				"dependsOn": [],
				"policy": {
					"timeout": "7.00:00:00",
					"retry": 0,
					"retryIntervalInSeconds": 30,
					"secureOutput": false,
					"secureInput": false
				},
				"userProperties": [],
				"typeProperties": {
					"source": {
						"type": "JsonSource",
						"storeSettings": {
							"type": "AzureBlobStorageReadSettings",
							"recursive": true
						},
						"formatSettings": {
							"type": "JsonReadSettings"
						}
					},
					"dataset": {
						"referenceName": "ds_crewpay_blob_parameter_json",
						"type": "DatasetReference",
						"parameters": {
							"file_name": {
								"value": "@pipeline().parameters.Parameter_File_Name",
								"type": "Expression"
							}
						}
					}
				}
			},
			{
				"name": "Final_Notification",
				"type": "DatabricksNotebook",
				"dependsOn": [
					{
						"activity": "Delete",
						"dependencyConditions": [
							"Succeeded"
						]
					}
				],
				"policy": {
					"timeout": "7.00:00:00",
					"retry": 0,
					"retryIntervalInSeconds": 30,
					"secureOutput": false,
					"secureInput": false
				},
				"userProperties": [],
				"typeProperties": {
					"notebookPath": {
						"value": "@activity('Parameters').Output.firstRow.Parameters.WRAPPER_PROGRAM",
						"type": "Expression"
					},
					"baseParameters": {
						"sender_email": {
							"value": "@activity('Parameters').Output.firstRow.Parameters.From_Email",
							"type": "Expression"
						},
						"receiver_emails": {
							"value": "@activity('Parameters').Output.firstRow.Parameters.To_Email",
							"type": "Expression"
						},
						"notebook_path": {
							"value": "@activity('Parameters').Output.firstRow.Parameters.Final_Notification",
							"type": "Expression"
						},
						"Crewpay_Run": {
							"value": "@pipeline().parameters.Crewpay_Run",
							"type": "Expression"
						},
						"Business_email": {
							"value": "@activity('Parameters').Output.firstRow.Parameters.Business_email",
							"type": "Expression"
						},
						"Input_File_Name": {
							"value": "@variables('Input_File_Name')",
							"type": "Expression"
						}
					}
				},
				"linkedServiceName": {
					"referenceName": "ls_crewpay_adb_temp",
					"type": "LinkedServiceReference",
					"parameters": {
						"WorkspaceURL": {
							"value": "@activity('Parameters').Output.firstRow.Parameters.WorkspaceURL",
							"type": "Expression"
						},
						"Secret_Name": {
							"value": "@activity('Parameters').Output.firstRow.Parameters.Secret_Name",
							"type": "Expression"
						},
						"ClusterID": {
							"value": "@activity('Parameters').Output.firstRow.Parameters.ClusterID",
							"type": "Expression"
						}
					}
				}
			},
			{
				"name": "Delete",
				"type": "Delete",
				"dependsOn": [
					{
						"activity": "Powerbi_refreshif",
						"dependencyConditions": [
							"Succeeded"
						]
					}
				],
				"policy": {
					"timeout": "7.00:00:00",
					"retry": 0,
					"retryIntervalInSeconds": 30,
					"secureOutput": false,
					"secureInput": false
				},
				"userProperties": [],
				"typeProperties": {
					"dataset": {
						"referenceName": "ds_crewpay",
						"type": "DatasetReference",
						"parameters": {
							"path": "delta-reject-pii"
						}
					},
					"logStorageSettings": {
						"linkedServiceName": {
							"referenceName": "ls_crewpay_adls",
							"type": "LinkedServiceReference"
						},
						"path": "crpay-pii/log's"
					},
					"enableLogging": true,
					"storeSettings": {
						"type": "AzureBlobFSReadSettings",
						"recursive": true,
						"wildcardFileName": "*",
						"enablePartitionDiscovery": false
					}
				}
			},
			{
				"name": "Powerbi_refreshif",
				"type": "IfCondition",
				"dependsOn": [
					{
						"activity": "Pre_Post_Job",
						"dependencyConditions": [
							"Succeeded"
						]
					}
				],
				"userProperties": [],
				"typeProperties": {
					"expression": {
						"value": "@if(or(equals(pipeline().parameters.Crewpay_Run,'PPA'),equals(pipeline().parameters.Crewpay_Run,'PPC')),'true','false')",
						"type": "Expression"
					},
					"ifTrueActivities": [
						{
							"name": "PowerBi_Refresh",
							"type": "ExecutePipeline",
							"dependsOn": [],
							"policy": {
								"secureInput": false
							},
							"userProperties": [],
							"typeProperties": {
								"pipeline": {
									"referenceName": "pl_PBI_dataset_refresh",
									"type": "PipelineReference"
								},
								"waitOnCompletion": true,
								"parameters": {
									"SecretName_TenantId": "TenantId",
									"SecretName_SPClientId": "ClientId",
									"SecretName_SPSecret": {
										"value": "@activity('Parameters').Output.firstRow.Parameters.SecretName_SPSecret",
										"type": "Expression"
									},
									"KeyVaultDNSName": {
										"value": "@activity('Parameters').Output.firstRow.Parameters.KeyVaultDNSName",
										"type": "Expression"
									},
									"workspaceGuid": {
										"value": "@activity('Parameters').Output.firstRow.Parameters.workspaceGuid",
										"type": "Expression"
									},
									"datasetGuid": {
										"value": "@if(equals(pipeline().parameters.Crewpay_Run,'PPA'),activity('Parameters').Output.firstRow.Parameters.datasetGuid_AB,activity('Parameters').Output.firstRow.Parameters.datasetGuid_CD)",
										"type": "Expression"
									}
								}
							}
						},
						{
							"name": "Delete_Work-pii",
							"type": "Delete",
							"dependsOn": [
								{
									"activity": "PowerBi_Refresh",
									"dependencyConditions": [
										"Succeeded"
									]
								}
							],
							"policy": {
								"timeout": "7.00:00:00",
								"retry": 0,
								"retryIntervalInSeconds": 30,
								"secureOutput": false,
								"secureInput": false
							},
							"userProperties": [],
							"typeProperties": {
								"dataset": {
									"referenceName": "ds_crewpay",
									"type": "DatasetReference",
									"parameters": {
										"path": {
											"value": "@concat('work-pii','/',if(equals(pipeline().parameters.Crewpay_Run,'PPA'),'STG_AAPPAB','STG_AAPPCD'))",
											"type": "Expression"
										}
									}
								},
								"logStorageSettings": {
									"linkedServiceName": {
										"referenceName": "ls_crewpay_adls",
										"type": "LinkedServiceReference"
									},
									"path": "crpay-pii/log's"
								},
								"enableLogging": true,
								"storeSettings": {
									"type": "AzureBlobFSReadSettings",
									"recursive": true,
									"enablePartitionDiscovery": false
								}
							}
						},
						{
							"name": "Delete_Work-pii_Epays",
							"type": "Delete",
							"dependsOn": [
								{
									"activity": "PowerBi_Refresh",
									"dependencyConditions": [
										"Succeeded"
									]
								}
							],
							"policy": {
								"timeout": "7.00:00:00",
								"retry": 0,
								"retryIntervalInSeconds": 30,
								"secureOutput": false,
								"secureInput": false
							},
							"userProperties": [],
							"typeProperties": {
								"dataset": {
									"referenceName": "ds_crewpay",
									"type": "DatasetReference",
									"parameters": {
										"path": {
											"value": "@concat('work-pii','/',if(equals(pipeline().parameters.Crewpay_Run,'PPA'),'EPAY_AAPPAB','EPAY_AAPPCD'))",
											"type": "Expression"
										}
									}
								},
								"logStorageSettings": {
									"linkedServiceName": {
										"referenceName": "ls_crewpay_adls",
										"type": "LinkedServiceReference"
									},
									"path": "crpay-pii/log's"
								},
								"enableLogging": true,
								"storeSettings": {
									"type": "AzureBlobFSReadSettings",
									"recursive": true,
									"enablePartitionDiscovery": false
								}
							}
						}
					]
				}
			},
			{
				"name": "Get_filename_email_Notification",
				"type": "GetMetadata",
				"dependsOn": [
					{
						"activity": "Parameters",
						"dependencyConditions": [
							"Succeeded"
						]
					}
				],
				"policy": {
					"timeout": "7.00:00:00",
					"retry": 0,
					"retryIntervalInSeconds": 30,
					"secureOutput": false,
					"secureInput": false
				},
				"userProperties": [],
				"typeProperties": {
					"dataset": {
						"referenceName": "ds_crewpay",
						"type": "DatasetReference",
						"parameters": {
							"path": {
								"value": "@concat('raw-pii','/',pipeline().parameters.Crewpay_Run)",
								"type": "Expression"
							}
						}
					},
					"fieldList": [
						"childItems"
					],
					"storeSettings": {
						"type": "AzureBlobFSReadSettings",
						"recursive": true,
						"enablePartitionDiscovery": false
					},
					"formatSettings": {
						"type": "JsonReadSettings"
					}
				}
			},
			{
				"name": "Get_FileName",
				"type": "Filter",
				"dependsOn": [
					{
						"activity": "Get_filename_email_Notification",
						"dependencyConditions": [
							"Succeeded"
						]
					}
				],
				"userProperties": [],
				"typeProperties": {
					"items": {
						"value": "@activity('Get_filename_email_Notification').output.childItems",
						"type": "Expression"
					},
					"condition": {
						"value": "@contains(item().name,'AAPP')",
						"type": "Expression"
					}
				}
			},
			{
				"name": "InputFileName",
				"type": "SetVariable",
				"dependsOn": [
					{
						"activity": "Get_FileName",
						"dependencyConditions": [
							"Succeeded"
						]
					}
				],
				"policy": {
					"secureOutput": false,
					"secureInput": false
				},
				"userProperties": [],
				"typeProperties": {
					"variableName": "Input_File_Name",
					"value": {
						"value": "@concat(substring(string(activity('Get_FileName').output.value),10,10),'.bin')",
						"type": "Expression"
					}
				}
			},
			{
				"name": "RestAPI",
				"type": "Copy",
				"dependsOn": [
					{
						"activity": "Final_Notification",
						"dependencyConditions": [
							"Succeeded"
						]
					}
				],
				"policy": {
					"timeout": "7.00:00:00",
					"retry": 0,
					"retryIntervalInSeconds": 30,
					"secureOutput": false,
					"secureInput": false
				},
				"userProperties": [],
				"typeProperties": {
					"source": {
						"type": "RestSource",
						"httpRequestTimeout": "00:01:40",
						"requestInterval": "00.00:00:00.010",
						"requestMethod": "GET"
					},
					"sink": {
						"type": "JsonSink",
						"storeSettings": {
							"type": "AzureBlobFSWriteSettings"
						},
						"formatSettings": {
							"type": "JsonWriteSettings"
						}
					},
					"enableStaging": false
				},
				"inputs": [
					{
						"referenceName": "jse_Restapi",
						"type": "DatasetReference",
						"parameters": {
							"drainName": {
								"value": "@variables('Input_File_Name')",
								"type": "Expression"
							},
							"restAPI_URL": {
								"value": "@activity('Parameters').Output.firstRow.Parameters.RestAPI_JSE",
								"type": "Expression"
							}
						}
					}
				],
				"outputs": [
					{
						"referenceName": "jse_api_test",
						"type": "DatasetReference"
					}
				]
			}
		],
		"parameters": {
			"Crewpay_Run": {
				"type": "string"
			},
			"Year": {
				"type": "string"
			},
			"Month": {
				"type": "string"
			},
			"LOAD_TYPE": {
				"type": "string"
			},
			"Parameter_File_Name": {
				"type": "string",
				"defaultValue": "Parameters.json"
			}
		},
		"variables": {
			"Input_File_Name": {
				"type": "String"
			}
		},
		"folder": {
			"name": "Test"
		},
		"annotations": [],
		"lastPublishTime": "2020-10-08T05:54:54Z"
	},
	"type": "Microsoft.DataFactory/factories/pipelines"
}