{
	"name": "pl_crewsys_master",
	"properties": {
		"activities": [
			{
				"name": "ForEach1",
				"type": "ForEach",
				"dependsOn": [],
				"userProperties": [],
				"typeProperties": {
					"items": {
						"value": "@pipeline().parameters.Month",
						"type": "Expression"
					},
					"isSequential": true,
					"activities": [
						{
							"name": "Execute Pipeline1",
							"type": "ExecutePipeline",
							"dependsOn": [],
							"userProperties": [],
							"typeProperties": {
								"pipeline": {
									"referenceName": "pl_VD_HistoryLoad_CREWSYS",
									"type": "PipelineReference"
								},
								"waitOnCompletion": true,
								"parameters": {
									"Crpay": {
										"value": "@pipeline().parameters.Crpay",
										"type": "Expression"
									},
									"Year": {
										"value": "@pipeline().parameters.Year",
										"type": "Expression"
									},
									"Month": {
										"value": "@item()",
										"type": "Expression"
									},
									"Parameter_File_Name": {
										"value": "@pipeline().parameters.Parameter_File_Name",
										"type": "Expression"
									}
								}
							}
						}
					]
				}
			}
		],
		"parameters": {
			"Year": {
				"type": "string"
			},
			"Month": {
				"type": "array"
			},
			"Crpay": {
				"type": "string"
			},
			"Parameter_File_Name": {
				"type": "string",
				"defaultValue": "Parameters.json"
			}
		},
		"folder": {
			"name": "CREWSYS_VD"
		},
		"annotations": [],
		"lastPublishTime": "2021-08-02T14:23:54Z"
	},
	"type": "Microsoft.DataFactory/factories/pipelines"
}