{
	"name": "pl_crewpay_ldacp_vd_hist",
	"properties": {
		"activities": [
			{
				"name": "filename_LDPC",
				"type": "SetVariable",
				"dependsOn": [],
				"userProperties": [],
				"typeProperties": {
					"variableName": "filename",
					"value": {
						"value": "@pipeline().parameters.Input_File_Name",
						"type": "Expression"
					}
				}
			},
			{
				"name": "CrewPay_LSeries_HistLoad_LDPC",
				"type": "DatabricksNotebook",
				"dependsOn": [
					{
						"activity": "filename_LDPC",
						"dependencyConditions": [
							"Succeeded"
						]
					}
				],
				"policy": {
					"timeout": "7.00:00:00",
					"retry": 0,
					"retryIntervalInSeconds": 30,
					"secureOutput": false,
					"secureInput": false
				},
				"userProperties": [],
				"typeProperties": {
					"notebookPath": {
						"value": "@pipeline().parameters.WRAPPER_PROGRAM",
						"type": "Expression"
					},
					"baseParameters": {
						"Input_File": {
							"value": "@concat(pipeline().parameters.LDACP_Input_path,'/',pipeline().parameters.Input_File_Name)",
							"type": "Expression"
						},
						"Output_File_Report": {
							"value": "@concat(pipeline().parameters.LDACP_Output_File_Report,'/','Reports','/AA',pipeline().parameters.Lseries)",
							"type": "Expression"
						},
						"STG_Output_File_Report": {
							"value": "@concat(pipeline().parameters.STG_Output_File_Report,'/','STG_',substring(variables('filename'),0,5),'/')",
							"type": "Expression"
						},
						"receiver_emails": {
							"value": "@pipeline().parameters.receiver_email",
							"type": "Expression"
						},
						"sender_email": {
							"value": "@pipeline().parameters.sender_email",
							"type": "Expression"
						},
						"notebook_path": {
							"value": "@pipeline().parameters.LDACP_LSeries_HistLoad_Path",
							"type": "Expression"
						},
						"Rejected_Records_path": {
							"value": "@pipeline().parameters.Rejected_Records_path",
							"type": "Expression"
						},
						"Operational_Metadata_Path": {
							"value": "@pipeline().parameters.Operational_Metadata_Path",
							"type": "Expression"
						},
						"Input_File_Name": {
							"value": "@pipeline().parameters.Input_File_Name",
							"type": "Expression"
						},
						"Indicator_File_Path": {
							"value": "@concat(pipeline().parameters.Indicator_File_Path,pipeline().parameters.Lseries,'/')",
							"type": "Expression"
						},
						"LOAD_TYPE": {
							"value": "@pipeline().parameters.LOAD_TYPE",
							"type": "Expression"
						},
						"Crewpay_Run": {
							"value": "@pipeline().parameters.Lseries",
							"type": "Expression"
						},
						"Pipeline_Name": {
							"value": "@pipeline().Pipeline",
							"type": "Expression"
						},
						"Adf_Name": {
							"value": "@pipeline().DataFactory",
							"type": "Expression"
						},
						"Output_File_Data": {
							"value": "@pipeline().parameters.Data_Output_File_Data",
							"type": "Expression"
						}
					}
				},
				"linkedServiceName": {
					"referenceName": "ls_crewpay_adb_temp",
					"type": "LinkedServiceReference",
					"parameters": {
						"WorkspaceURL": {
							"value": "@pipeline().parameters.WorkspaceURL",
							"type": "Expression"
						},
						"Secret_Name": {
							"value": "@pipeline().parameters.Secret_Name",
							"type": "Expression"
						},
						"ClusterID": {
							"value": "@pipeline().parameters.ClusterID",
							"type": "Expression"
						}
					}
				}
			},
			{
				"name": "CrewPay_CRP052_WEB_REPORT",
				"type": "DatabricksNotebook",
				"dependsOn": [
					{
						"activity": "runOutput_Prep_file",
						"dependencyConditions": [
							"Succeeded"
						]
					}
				],
				"policy": {
					"timeout": "7.00:00:00",
					"retry": 0,
					"retryIntervalInSeconds": 30,
					"secureOutput": false,
					"secureInput": false
				},
				"userProperties": [],
				"typeProperties": {
					"notebookPath": {
						"value": "@pipeline().parameters.WRAPPER_PROGRAM",
						"type": "Expression"
					},
					"baseParameters": {
						"Input_File": {
							"value": "@variables('Prep_File')",
							"type": "Expression"
						},
						"Output_File_Report": {
							"value": "@concat(pipeline().parameters.LDACP_Output_File_Report,'/','Reports','/','WEB_REPORT_AA',pipeline().parameters.Lseries,'/')",
							"type": "Expression"
						},
						"STG_Output_File_Report": {
							"value": "@concat(pipeline().parameters.STG_Output_File_Report,'/','STG_WEB_AA',pipeline().parameters.Lseries,'/')",
							"type": "Expression"
						},
						"receiver_emails": {
							"value": "@pipeline().parameters.receiver_email",
							"type": "Expression"
						},
						"sender_email": {
							"value": "@pipeline().parameters.sender_email",
							"type": "Expression"
						},
						"notebook_path": {
							"value": "@concat(pipeline().parameters.DB_CRP_PATH,'crpay_',pipeline().parameters.Lseries,'_WEB_REPORT')",
							"type": "Expression"
						},
						"Operational_Metadata_Path": {
							"value": "@pipeline().parameters.Operational_Metadata_Path",
							"type": "Expression"
						},
						"Indicator_File_Path": {
							"value": "@concat(pipeline().parameters.Indicator_File_Path,pipeline().parameters.Lseries,'/')",
							"type": "Expression"
						},
						"Crewpay_Run": {
							"value": "@pipeline().parameters.Lseries",
							"type": "Expression"
						},
						"Pipeline_Name": {
							"value": "@pipeline().Pipeline",
							"type": "Expression"
						},
						"Adf_Name": {
							"value": "@pipeline().DataFactory",
							"type": "Expression"
						}
					}
				},
				"linkedServiceName": {
					"referenceName": "ls_crewpay_adb_temp",
					"type": "LinkedServiceReference",
					"parameters": {
						"WorkspaceURL": {
							"value": "@pipeline().parameters.WorkspaceURL",
							"type": "Expression"
						},
						"Secret_Name": {
							"value": "@pipeline().parameters.Secret_Name",
							"type": "Expression"
						},
						"ClusterID": {
							"value": "@pipeline().parameters.ClusterID",
							"type": "Expression"
						}
					}
				}
			},
			{
				"name": "runOutput_Prep_file",
				"type": "SetVariable",
				"dependsOn": [
					{
						"activity": "CrewPay_LSeries_HistLoad_LDPC",
						"dependencyConditions": [
							"Succeeded"
						]
					}
				],
				"userProperties": [],
				"typeProperties": {
					"variableName": "Prep_File",
					"value": {
						"value": "@split(activity('CrewPay_LSeries_HistLoad_LDPC').output.runOutput,';')[0]",
						"type": "Expression"
					}
				}
			},
			{
				"name": "crpay_validation_bin_json",
				"type": "DatabricksNotebook",
				"dependsOn": [
					{
						"activity": "CrewPay_CRP052_WEB_REPORT",
						"dependencyConditions": [
							"Succeeded"
						]
					}
				],
				"policy": {
					"timeout": "7.00:00:00",
					"retry": 0,
					"retryIntervalInSeconds": 30,
					"secureOutput": false,
					"secureInput": false
				},
				"userProperties": [],
				"typeProperties": {
					"notebookPath": {
						"value": "@pipeline().parameters.crpay_validation_bin_json",
						"type": "Expression"
					},
					"baseParameters": {
						"ProcessJson": {
							"value": "@pipeline().parameters.Input_File_Name",
							"type": "Expression"
						},
						"storage_account_name": {
							"value": "@pipeline().parameters.storage_account_name",
							"type": "Expression"
						},
						"storage_account_access_key": {
							"value": "@variables('storage_account_Secret')",
							"type": "Expression"
						},
						"BIN_JSON": "BIN_JSON_OUTPUT",
						"blob": {
							"value": "@pipeline().parameters.Input_Bin_File_Name",
							"type": "Expression"
						},
						"sender_email": {
							"value": "@pipeline().parameters.sender_email",
							"type": "Expression"
						},
						"receiver_emails": {
							"value": "@pipeline().parameters.receiver_email",
							"type": "Expression"
						},
						"Crewpay_Run": {
							"value": "@pipeline().parameters.Lseries",
							"type": "Expression"
						}
					}
				},
				"linkedServiceName": {
					"referenceName": "ls_crewpay_adb_temp",
					"type": "LinkedServiceReference",
					"parameters": {
						"WorkspaceURL": {
							"value": "@pipeline().parameters.WorkspaceURL",
							"type": "Expression"
						},
						"Secret_Name": {
							"value": "@pipeline().parameters.Secret_Name",
							"type": "Expression"
						},
						"ClusterID": {
							"value": "@pipeline().parameters.ClusterID",
							"type": "Expression"
						}
					}
				}
			},
			{
				"name": "VD_LSeries_Test",
				"type": "DatabricksNotebook",
				"dependsOn": [
					{
						"activity": "crpay_validation_bin_json",
						"dependencyConditions": [
							"Succeeded"
						]
					}
				],
				"policy": {
					"timeout": "7.00:00:00",
					"retry": 0,
					"retryIntervalInSeconds": 30,
					"secureOutput": false,
					"secureInput": false
				},
				"userProperties": [],
				"typeProperties": {
					"notebookPath": {
						"value": "@pipeline().parameters.VD_LSeries_Test",
						"type": "Expression"
					},
					"baseParameters": {
						"YEAR": {
							"value": "@split(activity('CrewPay_LSeries_HistLoad_LDPC').output.runOutput,';')[1]",
							"type": "Expression"
						},
						"Month": {
							"value": "@split(activity('CrewPay_LSeries_HistLoad_LDPC').output.runOutput,';')[2]",
							"type": "Expression"
						},
						"file_location": {
							"value": "@pipeline().parameters.Raw_Input_Path",
							"type": "Expression"
						},
						"sender_email": {
							"value": "@pipeline().parameters.sender_email",
							"type": "Expression"
						},
						"ProcessJson": {
							"value": "@pipeline().parameters.Input_File_Name",
							"type": "Expression"
						},
						"receiver_emails": {
							"value": "@pipeline().parameters.receiver_email",
							"type": "Expression"
						},
						"Crewpay_Run": {
							"value": "@pipeline().parameters.Lseries",
							"type": "Expression"
						}
					}
				},
				"linkedServiceName": {
					"referenceName": "ls_crewpay_adb_temp",
					"type": "LinkedServiceReference",
					"parameters": {
						"WorkspaceURL": {
							"value": "@pipeline().parameters.WorkspaceURL",
							"type": "Expression"
						},
						"Secret_Name": {
							"value": "@pipeline().parameters.Secret_Name",
							"type": "Expression"
						},
						"ClusterID": {
							"value": "@pipeline().parameters.ClusterID",
							"type": "Expression"
						}
					}
				}
			},
			{
				"name": "Get Secret for blob",
				"type": "WebActivity",
				"dependsOn": [
					{
						"activity": "filename_LDPC",
						"dependencyConditions": [
							"Succeeded"
						]
					}
				],
				"policy": {
					"timeout": "7.00:00:00",
					"retry": 0,
					"retryIntervalInSeconds": 30,
					"secureOutput": false,
					"secureInput": false
				},
				"userProperties": [],
				"typeProperties": {
					"url": {
						"value": "@concat(pipeline().parameters.KeyVaultDNSName,'secrets/',pipeline().parameters.storage_account_Secret,'/?api-version=7.0')",
						"type": "Expression"
					},
					"method": "GET",
					"authentication": {
						"type": "MSI",
						"resource": "https://vault.azure.net"
					}
				}
			},
			{
				"name": "Set blob Secret",
				"type": "SetVariable",
				"dependsOn": [
					{
						"activity": "Get Secret for blob",
						"dependencyConditions": [
							"Succeeded"
						]
					}
				],
				"userProperties": [],
				"typeProperties": {
					"variableName": "storage_account_Secret",
					"value": {
						"value": "@activity('Get Secret for blob').output.value",
						"type": "Expression"
					}
				}
			}
		],
		"parameters": {
			"LDACP_Output_File_Report": {
				"type": "string",
				"defaultValue": "abfss://crpay-pii@aabaoriondlsnp.dfs.core.windows.net/delta-prep-pii"
			},
			"LDACP_Input_path": {
				"type": "string",
				"defaultValue": "abfss://crpay-pii@aabaoriondlsnp.dfs.core.windows.net/raw-pii/VD_REPORT/VD_HIST_JSON/"
			},
			"LDACP_LSeries_HistLoad_Path": {
				"type": "string",
				"defaultValue": "/crpay/crpay_pii/crpay_LSeries_HistoryLoad"
			},
			"WorkspaceURL": {
				"type": "string",
				"defaultValue": "https://adb-7339348852698591.11.azuredatabricks.net"
			},
			"ClusterID": {
				"type": "string",
				"defaultValue": "0911-031641-solve666"
			},
			"Secret_Name": {
				"type": "string",
				"defaultValue": "ba-n-crpay-001-sp-secret-Databricks"
			},
			"Count_Validation": {
				"type": "string"
			},
			"Adf_Name": {
				"type": "string",
				"defaultValue": "adf"
			},
			"Pipeline_Name": {
				"type": "string",
				"defaultValue": "pipe1"
			},
			"sender_email": {
				"type": "string",
				"defaultValue": "DL_BA_AirlineOperations@aa.com"
			},
			"receiver_email": {
				"type": "string",
				"defaultValue": "achintalapal@dxc.com"
			},
			"WRAPPER_PROGRAM": {
				"type": "string",
				"defaultValue": "/crpay/crpay_pii/WRAPPER_PROGRAM"
			},
			"Rejected_Records_path": {
				"type": "string",
				"defaultValue": "abfss://crpay-pii@aabaoriondlsnp.dfs.core.windows.net/reject-pii/"
			},
			"Operational_Metadata_Path": {
				"type": "string",
				"defaultValue": "abfss://oaoom@aabaoriondlsnp.dfs.core.windows.net/delta-struct/crpay-log"
			},
			"Input_File_Name": {
				"type": "string",
				"defaultValue": "VDR.ACRPPLEG.Y2018.D0607.20210525060148.1.json"
			},
			"Indicator_File_Path": {
				"type": "string",
				"defaultValue": "abfss://crpay-pii@aabaoriondlsnp.dfs.core.windows.net/delta-reject-pii/"
			},
			"LOAD_TYPE": {
				"type": "string",
				"defaultValue": "M"
			},
			"Lseries": {
				"type": "string",
				"defaultValue": "LDP"
			},
			"LDACP_CRP098_Path": {
				"type": "string",
				"defaultValue": "/crpay/crpay_pii/crpay_CRP098"
			},
			"STG_Output_File_Report": {
				"type": "string",
				"defaultValue": "abfss://crpay-pii@aabaoriondlsnp.dfs.core.windows.net/work-pii"
			},
			"DB_CRP_PATH": {
				"type": "string",
				"defaultValue": "/crpay/crpay_pii/"
			},
			"Data_Output_File_Data": {
				"type": "string",
				"defaultValue": "abfss://crpay-pii@aabaoriondlsnp.dfs.core.windows.net/delta-struct-pii"
			},
			"VD_LSeries_Test": {
				"type": "string",
				"defaultValue": "/crpay/crpay_pii/VD_LSeries_Test"
			},
			"Input_Bin_File_Name": {
				"type": "string",
				"defaultValue": "VDR.ACRPPLEG.Y2018.D0607.TXT"
			},
			"crpay_validation_bin_json": {
				"type": "string",
				"defaultValue": "/crpay/crpay_pii/crpay_validation_bin_json"
			},
			"storage_account_name": {
				"type": "string",
				"defaultValue": "banzeauscrpaystg004"
			},
			"Raw_Input_Path": {
				"type": "string",
				"defaultValue": "abfss://crpay-pii@aabaoriondlsnp.dfs.core.windows.net/raw-pii/"
			},
			"KeyVaultDNSName": {
				"type": "string",
				"defaultValue": "https://ba-n-zeaus-crpay-kv.vault.azure.net/"
			},
			"storage_account_Secret": {
				"type": "string",
				"defaultValue": "ba-crpay-blob-key"
			}
		},
		"variables": {
			"filename": {
				"type": "String"
			},
			"filename_archive": {
				"type": "String"
			},
			"Prep_File": {
				"type": "String"
			},
			"storage_account_Secret": {
				"type": "String"
			}
		},
		"folder": {
			"name": "VD_HIST_L_SERIES"
		},
		"annotations": []
	}
}