{
	"name": "pl_crewpay_LDCPA_master",
	"properties": {
		"activities": [
			{
				"name": "Parameters",
				"type": "Lookup",
				"dependsOn": [],
				"policy": {
					"timeout": "7.00:00:00",
					"retry": 0,
					"retryIntervalInSeconds": 30,
					"secureOutput": false,
					"secureInput": false
				},
				"userProperties": [],
				"typeProperties": {
					"source": {
						"type": "JsonSource",
						"storeSettings": {
							"type": "AzureBlobFSReadSettings",
							"recursive": true
						},
						"formatSettings": {
							"type": "JsonReadSettings"
						}
					},
					"dataset": {
						"referenceName": "ds_crewpay_blob_parameter_json",
						"type": "DatasetReference",
						"parameters": {
							"file_name": {
								"value": "@pipeline().parameters.Parameter_File_Name",
								"type": "Expression"
							}
						}
					}
				}
			},
			{
				"name": "Final_Notification",
				"type": "DatabricksNotebook",
				"dependsOn": [
					{
						"activity": "DeleteIndicatorfiles",
						"dependencyConditions": [
							"Succeeded"
						]
					}
				],
				"policy": {
					"timeout": "7.00:00:00",
					"retry": 0,
					"retryIntervalInSeconds": 30,
					"secureOutput": false,
					"secureInput": false
				},
				"userProperties": [],
				"typeProperties": {
					"notebookPath": {
						"value": "@activity('Parameters').Output.firstRow.Parameters.WRAPPER_PROGRAM",
						"type": "Expression"
					},
					"baseParameters": {
						"sender_email": {
							"value": "@activity('Parameters').Output.firstRow.Parameters.From_Email",
							"type": "Expression"
						},
						"receiver_emails": {
							"value": "@activity('Parameters').Output.firstRow.Parameters.To_Email",
							"type": "Expression"
						},
						"notebook_path": {
							"value": "@activity('Parameters').Output.firstRow.Parameters.Final_Notification",
							"type": "Expression"
						},
						"Crewpay_Run": {
							"value": "@pipeline().parameters.Crewpay_Run",
							"type": "Expression"
						},
						"Input_File_Name": {
							"value": "@variables('InputFileName')",
							"type": "Expression"
						},
						"Business_email": {
							"value": "@activity('Parameters').Output.firstRow.Parameters.Business_email",
							"type": "Expression"
						},
						"clinet_id": {
							"value": "@activity('Parameters').Output.firstRow.Parameters.clinet_id",
							"type": "Expression"
						},
						"app_tenant_id": {
							"value": "@activity('Parameters').Output.firstRow.Parameters.app_tenant_id",
							"type": "Expression"
						},
						"resource_id": {
							"value": "@activity('Parameters').Output.firstRow.Parameters.resource_id",
							"type": "Expression"
						},
						"secret_scope": {
							"value": "@activity('Parameters').Output.firstRow.Parameters.secret_scope",
							"type": "Expression"
						},
						"app_key": {
							"value": "@activity('Parameters').Output.firstRow.Parameters.app_key",
							"type": "Expression"
						}
					}
				},
				"linkedServiceName": {
					"referenceName": "ls_crewpay_adb_temp",
					"type": "LinkedServiceReference",
					"parameters": {
						"WorkspaceURL": {
							"value": "@activity('Parameters').Output.firstRow.Parameters.WorkspaceURL",
							"type": "Expression"
						},
						"Secret_Name": {
							"value": "@activity('Parameters').Output.firstRow.Parameters.Secret_Name",
							"type": "Expression"
						},
						"ClusterID": {
							"value": "@activity('Parameters').Output.firstRow.Parameters.ClusterID",
							"type": "Expression"
						},
						"KeyVaultDNSName": {
							"value": "@activity('Parameters').Output.firstRow.Parameters.KeyVaultDNSName",
							"type": "Expression"
						},
						"ADB_ENV": {
							"value": "@activity('Parameters').Output.firstRow.Parameters.ADB_ENV",
							"type": "Expression"
						},
						"policyId": {
							"value": "@activity('Parameters').Output.firstRow.Parameters.policyId",
							"type": "Expression"
						},
						"newClusterVersion": {
							"value": "@activity('Parameters').Output.firstRow.Parameters.newClusterVersion",
							"type": "Expression"
						}
					}
				}
			},
			{
				"name": "Execute_crewpay_ldacp",
				"type": "ExecutePipeline",
				"dependsOn": [
					{
						"activity": "InputFileName",
						"dependencyConditions": [
							"Succeeded"
						]
					}
				],
				"policy": {
					"secureInput": false
				},
				"userProperties": [],
				"typeProperties": {
					"pipeline": {
						"referenceName": "pl_crewpay_ldacp",
						"type": "PipelineReference"
					},
					"waitOnCompletion": true,
					"parameters": {
						"LDACP_Output_File_Report": {
							"value": "@activity('Parameters').Output.firstRow.Parameters.Prep_Output_File_Report",
							"type": "Expression"
						},
						"LDACP_Input_path": {
							"value": "@activity('Parameters').Output.firstRow.Parameters.Raw_Input_Path",
							"type": "Expression"
						},
						"LDACP_CRP052_Path": {
							"value": "@activity('Parameters').Output.firstRow.Parameters.DB_CRP052",
							"type": "Expression"
						},
						"WorkspaceURL": {
							"value": "@activity('Parameters').Output.firstRow.Parameters.WorkspaceURL",
							"type": "Expression"
						},
						"ClusterID": {
							"value": "@activity('Parameters').Output.firstRow.Parameters.ClusterID",
							"type": "Expression"
						},
						"Secret_Name": {
							"value": "@activity('Parameters').Output.firstRow.Parameters.Secret_Name",
							"type": "Expression"
						},
						"Count_Validation": {
							"value": "@activity('Parameters').Output.firstRow.Parameters.Count_Validation",
							"type": "Expression"
						},
						"Adf_Name": {
							"value": "@pipeline().DataFactory",
							"type": "Expression"
						},
						"Pipeline_Name": {
							"value": "@pipeline().Pipeline",
							"type": "Expression"
						},
						"sender_email": {
							"value": "@activity('Parameters').Output.firstRow.Parameters.From_Email",
							"type": "Expression"
						},
						"receiver_email": {
							"value": "@activity('Parameters').Output.firstRow.Parameters.To_Email",
							"type": "Expression"
						},
						"WRAPPER_PROGRAM": {
							"value": "@activity('Parameters').Output.firstRow.Parameters.WRAPPER_PROGRAM",
							"type": "Expression"
						},
						"Rejected_Records_path": {
							"value": "@activity('Parameters').Output.firstRow.Parameters.Rejected_Records_path",
							"type": "Expression"
						},
						"Operational_Metadata_Path": {
							"value": "@activity('Parameters').Output.firstRow.Parameters.Operational_Metadata_Path",
							"type": "Expression"
						},
						"Indicator_File_Path": {
							"value": "@activity('Parameters').Output.firstRow.Parameters.Indicator_File_Path",
							"type": "Expression"
						},
						"LOAD_TYPE": {
							"value": "@pipeline().parameters.LOAD_TYPE",
							"type": "Expression"
						},
						"Lseries": {
							"value": "@pipeline().parameters.Crewpay_Run",
							"type": "Expression"
						},
						"LDACP_CRP098_Path": {
							"value": "@activity('Parameters').Output.firstRow.Parameters.DB_CRP098",
							"type": "Expression"
						},
						"STG_Output_File_Report": {
							"value": "@activity('Parameters').Output.firstRow.Parameters.STG_Output_File_Report",
							"type": "Expression"
						},
						"DB_CRP_LDC_WEB_REPORT": {
							"value": "@activity('Parameters').Output.firstRow.Parameters.DB_CRP_LDC_WEB_REPORT",
							"type": "Expression"
						},
						"DB_CRP_LDP_WEB_REPORT": {
							"value": "@activity('Parameters').Output.firstRow.Parameters.DB_CRP_LDP_WEB_REPORT",
							"type": "Expression"
						},
						"clinet_id": {
							"value": "@activity('Parameters').Output.firstRow.Parameters.clinet_id",
							"type": "Expression"
						},
						"app_tenant_id": {
							"value": "@activity('Parameters').Output.firstRow.Parameters.app_tenant_id",
							"type": "Expression"
						},
						"resource_id": {
							"value": "@activity('Parameters').Output.firstRow.Parameters.resource_id",
							"type": "Expression"
						},
						"secret_scope": {
							"value": "@activity('Parameters').Output.firstRow.Parameters.secret_scope",
							"type": "Expression"
						},
						"app_key": {
							"value": "@activity('Parameters').Output.firstRow.Parameters.app_key",
							"type": "Expression"
						},
						"KeyVaultDNSName": {
							"value": "@activity('Parameters').Output.firstRow.Parameters.KeyVaultDNSName",
							"type": "Expression"
						},
						"ADB_ENV": {
							"value": "@activity('Parameters').Output.firstRow.Parameters.ADB_ENV",
							"type": "Expression"
						},
						"policyId": {
							"value": "@activity('Parameters').Output.firstRow.Parameters.policyId",
							"type": "Expression"
						},
						"newClusterVersion": {
							"value": "@activity('Parameters').Output.firstRow.Parameters.newClusterVersion",
							"type": "Expression"
						}
					}
				}
			},
			{
				"name": "Get_filename_email_Notification_lseries",
				"type": "GetMetadata",
				"dependsOn": [
					{
						"activity": "Parameters",
						"dependencyConditions": [
							"Succeeded"
						]
					}
				],
				"policy": {
					"timeout": "7.00:00:00",
					"retry": 0,
					"retryIntervalInSeconds": 30,
					"secureOutput": false,
					"secureInput": false
				},
				"userProperties": [],
				"typeProperties": {
					"dataset": {
						"referenceName": "ds_crewpay",
						"type": "DatasetReference",
						"parameters": {
							"path": {
								"value": "@concat('raw-pii','/',pipeline().parameters.Crewpay_Run)",
								"type": "Expression"
							}
						}
					},
					"fieldList": [
						"childItems"
					],
					"storeSettings": {
						"type": "AzureBlobFSReadSettings",
						"recursive": true,
						"enablePartitionDiscovery": false
					},
					"formatSettings": {
						"type": "JsonReadSettings"
					}
				}
			},
			{
				"name": "Get_FileName_lseries",
				"type": "Filter",
				"dependsOn": [
					{
						"activity": "Get_filename_email_Notification_lseries",
						"dependencyConditions": [
							"Succeeded"
						]
					}
				],
				"userProperties": [],
				"typeProperties": {
					"items": {
						"value": "@activity('Get_filename_email_Notification_lseries').output.childItems",
						"type": "Expression"
					},
					"condition": {
						"value": "@contains(item().name,'AALD')",
						"type": "Expression"
					}
				}
			},
			{
				"name": "InputFileName",
				"type": "SetVariable",
				"dependsOn": [
					{
						"activity": "Get_FileName_lseries",
						"dependencyConditions": [
							"Succeeded"
						]
					}
				],
				"policy": {
					"secureOutput": false,
					"secureInput": false
				},
				"userProperties": [],
				"typeProperties": {
					"variableName": "InputFileName",
					"value": {
						"value": "@concat(substring(string(activity('Get_FileName_lseries').output.value),10,10),'.bin')",
						"type": "Expression"
					}
				}
			},
			{
				"name": "TeraData_Load_LSeries",
				"type": "IfCondition",
				"dependsOn": [
					{
						"activity": "Execute_crewpay_ldacp",
						"dependencyConditions": [
							"Succeeded"
						]
					}
				],
				"userProperties": [],
				"typeProperties": {
					"expression": {
						"value": "@if(equals(pipeline().parameters.Crewpay_Run,'LDA'),'true','false')",
						"type": "Expression"
					},
					"ifFalseActivities": [
						{
							"name": "Delete_Work-pii_ldpc",
							"type": "Delete",
							"dependsOn": [
								{
									"activity": "Teradata Data Load LDPC",
									"dependencyConditions": [
										"Succeeded"
									]
								}
							],
							"policy": {
								"timeout": "7.00:00:00",
								"retry": 0,
								"retryIntervalInSeconds": 30,
								"secureOutput": false,
								"secureInput": false
							},
							"userProperties": [],
							"typeProperties": {
								"dataset": {
									"referenceName": "ds_crewpay",
									"type": "DatasetReference",
									"parameters": {
										"path": {
											"value": "@concat('work-pii','/',if(equals(pipeline().parameters.Crewpay_Run,'LDP'),'STG_AALDP','STG_AALDC'))\n\n",
											"type": "Expression"
										}
									}
								},
								"logStorageSettings": {
									"linkedServiceName": {
										"referenceName": "ls_crewpay_adls",
										"type": "LinkedServiceReference"
									},
									"path": "crpay-pii/log's"
								},
								"enableLogging": true,
								"storeSettings": {
									"type": "AzureBlobFSReadSettings",
									"recursive": true,
									"enablePartitionDiscovery": false
								}
							}
						},
						{
							"name": "Teradata Data Load LDPC",
							"type": "DatabricksNotebook",
							"dependsOn": [],
							"policy": {
								"timeout": "7.00:00:00",
								"retry": 0,
								"retryIntervalInSeconds": 30,
								"secureOutput": false,
								"secureInput": false
							},
							"userProperties": [],
							"typeProperties": {
								"notebookPath": {
									"value": "@activity('Parameters').Output.firstRow.Parameters.crpay_prep_to_teradata",
									"type": "Expression"
								},
								"baseParameters": {
									"Table_Cols": {
										"value": "@if(equals(pipeline().parameters.Crewpay_Run,'LDP'),activity('Parameters').Output.firstRow.Parameters.Table_Cols_LDP,activity('Parameters').Output.firstRow.Parameters.Table_Cols_LDC)",
										"type": "Expression"
									},
									"Prep_Database_Name": {
										"value": "@activity('Parameters').Output.firstRow.Parameters.Prep_Database_Name",
										"type": "Expression"
									},
									"TD_Prep_Table_Name": {
										"value": "@if(equals(pipeline().parameters.Crewpay_Run,'LDP'),activity('Parameters').Output.firstRow.Parameters.TD_Prep_Table_Name_LDP,activity('Parameters').Output.firstRow.Parameters.TD_Prep_Table_Name_LDC)",
										"type": "Expression"
									},
									"LZ_Database_Name": {
										"value": "@activity('Parameters').Output.firstRow.Parameters.LZ_Database_Name",
										"type": "Expression"
									},
									"Present_Database_Name": {
										"value": "@activity('Parameters').Output.firstRow.Parameters.Present_Database_Name",
										"type": "Expression"
									},
									"host_Name": {
										"value": "@activity('Parameters').Output.firstRow.Parameters.host_Name",
										"type": "Expression"
									},
									"database_Name": {
										"value": "@activity('Parameters').Output.firstRow.Parameters.database_Name",
										"type": "Expression"
									},
									"user_Name": {
										"value": "@activity('Parameters').Output.firstRow.Parameters.user_Name",
										"type": "Expression"
									},
									"batch_size": {
										"value": "@activity('Parameters').Output.firstRow.Parameters.batch_size",
										"type": "Expression"
									},
									"Num_of_Sessions": {
										"value": "@activity('Parameters').Output.firstRow.Parameters.Num_of_Sessions",
										"type": "Expression"
									},
									"Secret_Scope": {
										"value": "@activity('Parameters').Output.firstRow.Parameters.Secret_Scope",
										"type": "Expression"
									},
									"Secret_Key": {
										"value": "@activity('Parameters').Output.firstRow.Parameters.Secret_Key",
										"type": "Expression"
									},
									"Year": {
										"value": "@if(equals(pipeline().parameters.LOAD_TYPE,'S'),'',pipeline().parameters.Year)",
										"type": "Expression"
									},
									"Month": {
										"value": "@if(equals(pipeline().parameters.LOAD_TYPE,'S'),'',pipeline().parameters.Month)",
										"type": "Expression"
									},
									"LOAD_TYPE": {
										"value": "@pipeline().parameters.LOAD_TYPE",
										"type": "Expression"
									}
								}
							},
							"linkedServiceName": {
								"referenceName": "ls_crewpay_adb_temp",
								"type": "LinkedServiceReference",
								"parameters": {
									"WorkspaceURL": {
										"value": "@activity('Parameters').Output.firstRow.Parameters.WorkspaceURL",
										"type": "Expression"
									},
									"Secret_Name": {
										"value": "@activity('Parameters').Output.firstRow.Parameters.Secret_Name",
										"type": "Expression"
									},
									"ClusterID": {
										"value": "@activity('Parameters').Output.firstRow.Parameters.ClusterID",
										"type": "Expression"
									},
									"KeyVaultDNSName": {
										"value": "@activity('Parameters').Output.firstRow.Parameters.KeyVaultDNSName",
										"type": "Expression"
									},
									"ADB_ENV": {
										"value": "@activity('Parameters').Output.firstRow.Parameters.ADB_ENV",
										"type": "Expression"
									},
									"policyId": {
										"value": "@activity('Parameters').Output.firstRow.Parameters.policyId",
										"type": "Expression"
									},
									"newClusterVersion": {
										"value": "@activity('Parameters').Output.firstRow.Parameters.newClusterVersion",
										"type": "Expression"
									}
								}
							}
						}
					],
					"ifTrueActivities": [
						{
							"name": "Delete_Work-pii",
							"type": "Delete",
							"dependsOn": [
								{
									"activity": "Teradata Data Load LDA",
									"dependencyConditions": [
										"Succeeded"
									]
								}
							],
							"policy": {
								"timeout": "7.00:00:00",
								"retry": 0,
								"retryIntervalInSeconds": 30,
								"secureOutput": false,
								"secureInput": false
							},
							"userProperties": [],
							"typeProperties": {
								"dataset": {
									"referenceName": "ds_crewpay",
									"type": "DatasetReference",
									"parameters": {
										"path": {
											"value": "@concat('work-pii','/','STG_AALDA')",
											"type": "Expression"
										}
									}
								},
								"logStorageSettings": {
									"linkedServiceName": {
										"referenceName": "ls_crewpay_adls",
										"type": "LinkedServiceReference"
									},
									"path": "crpay-pii/log's"
								},
								"enableLogging": true,
								"storeSettings": {
									"type": "AzureBlobFSReadSettings",
									"recursive": true,
									"enablePartitionDiscovery": false
								}
							}
						},
						{
							"name": "Teradata Data Load LDA",
							"type": "DatabricksNotebook",
							"dependsOn": [],
							"policy": {
								"timeout": "7.00:00:00",
								"retry": 0,
								"retryIntervalInSeconds": 30,
								"secureOutput": false,
								"secureInput": false
							},
							"userProperties": [],
							"typeProperties": {
								"notebookPath": {
									"value": "@activity('Parameters').Output.firstRow.Parameters.crpay_prep_to_teradata",
									"type": "Expression"
								},
								"baseParameters": {
									"Table_Cols": {
										"value": "@activity('Parameters').Output.firstRow.Parameters.Table_Cols_LDA",
										"type": "Expression"
									},
									"Prep_Database_Name": {
										"value": "@activity('Parameters').Output.firstRow.Parameters.Prep_Database_Name",
										"type": "Expression"
									},
									"TD_Prep_Table_Name": {
										"value": "@activity('Parameters').Output.firstRow.Parameters.TD_Prep_Table_Name_LDA",
										"type": "Expression"
									},
									"LZ_Database_Name": {
										"value": "@activity('Parameters').Output.firstRow.Parameters.LZ_Database_Name",
										"type": "Expression"
									},
									"Present_Database_Name": {
										"value": "@activity('Parameters').Output.firstRow.Parameters.Present_Database_Name",
										"type": "Expression"
									},
									"host_Name": {
										"value": "@activity('Parameters').Output.firstRow.Parameters.host_Name",
										"type": "Expression"
									},
									"database_Name": {
										"value": "@activity('Parameters').Output.firstRow.Parameters.database_Name",
										"type": "Expression"
									},
									"user_Name": {
										"value": "@activity('Parameters').Output.firstRow.Parameters.user_Name",
										"type": "Expression"
									},
									"batch_size": {
										"value": "@activity('Parameters').Output.firstRow.Parameters.batch_size",
										"type": "Expression"
									},
									"Num_of_Sessions": {
										"value": "@activity('Parameters').Output.firstRow.Parameters.Num_of_Sessions",
										"type": "Expression"
									},
									"Secret_Scope": {
										"value": "@activity('Parameters').Output.firstRow.Parameters.Secret_Scope",
										"type": "Expression"
									},
									"Secret_Key": {
										"value": "@activity('Parameters').Output.firstRow.Parameters.Secret_Key",
										"type": "Expression"
									},
									"Year": {
										"value": "@if(equals(pipeline().parameters.LOAD_TYPE,'S'),'',pipeline().parameters.Year)",
										"type": "Expression"
									},
									"Month": {
										"value": "@if(equals(pipeline().parameters.LOAD_TYPE,'S'),'',pipeline().parameters.Month)",
										"type": "Expression"
									},
									"LOAD_TYPE": {
										"value": "@pipeline().parameters.LOAD_TYPE",
										"type": "Expression"
									}
								}
							},
							"linkedServiceName": {
								"referenceName": "ls_crewpay_adb_temp",
								"type": "LinkedServiceReference",
								"parameters": {
									"WorkspaceURL": {
										"value": "@activity('Parameters').Output.firstRow.Parameters.WorkspaceURL",
										"type": "Expression"
									},
									"Secret_Name": {
										"value": "@activity('Parameters').Output.firstRow.Parameters.Secret_Name",
										"type": "Expression"
									},
									"ClusterID": {
										"value": "@activity('Parameters').Output.firstRow.Parameters.ClusterID",
										"type": "Expression"
									},
									"KeyVaultDNSName": {
										"value": "@activity('Parameters').Output.firstRow.Parameters.KeyVaultDNSName",
										"type": "Expression"
									},
									"ADB_ENV": {
										"value": "@activity('Parameters').Output.firstRow.Parameters.ADB_ENV",
										"type": "Expression"
									},
									"policyId": {
										"value": "@activity('Parameters').Output.firstRow.Parameters.policyId",
										"type": "Expression"
									},
									"newClusterVersion": {
										"value": "@activity('Parameters').Output.firstRow.Parameters.newClusterVersion",
										"type": "Expression"
									}
								}
							}
						}
					]
				}
			},
			{
				"name": "DeleteIndicatorfiles",
				"type": "Delete",
				"dependsOn": [
					{
						"activity": "TeraData_Load_LSeries_WebReport",
						"dependencyConditions": [
							"Succeeded"
						]
					}
				],
				"policy": {
					"timeout": "7.00:00:00",
					"retry": 0,
					"retryIntervalInSeconds": 30,
					"secureOutput": false,
					"secureInput": false
				},
				"userProperties": [],
				"typeProperties": {
					"dataset": {
						"referenceName": "ds_crewpay",
						"type": "DatasetReference",
						"parameters": {
							"path": "delta-reject-pii"
						}
					},
					"logStorageSettings": {
						"linkedServiceName": {
							"referenceName": "ls_crewpay_adls",
							"type": "LinkedServiceReference"
						},
						"path": "crpay-pii/log's"
					},
					"enableLogging": true,
					"storeSettings": {
						"type": "AzureBlobFSReadSettings",
						"recursive": true,
						"wildcardFileName": "*",
						"enablePartitionDiscovery": false
					}
				}
			},
			{
				"name": "TeraData_Load_LSeries_WebReport",
				"type": "IfCondition",
				"dependsOn": [
					{
						"activity": "TeraData_Load_LSeries",
						"dependencyConditions": [
							"Succeeded"
						]
					}
				],
				"userProperties": [],
				"typeProperties": {
					"expression": {
						"value": "@if(or(equals(pipeline().parameters.Crewpay_Run,'LDC'),equals(pipeline().parameters.Crewpay_Run,'LDP')),'true','false')",
						"type": "Expression"
					},
					"ifTrueActivities": [
						{
							"name": "Delete_Work-pii_ldpcp_web_report",
							"type": "Delete",
							"dependsOn": [
								{
									"activity": "Teradata Data Load LDPC Web Report",
									"dependencyConditions": [
										"Succeeded"
									]
								}
							],
							"policy": {
								"timeout": "7.00:00:00",
								"retry": 0,
								"retryIntervalInSeconds": 30,
								"secureOutput": false,
								"secureInput": false
							},
							"userProperties": [],
							"typeProperties": {
								"dataset": {
									"referenceName": "ds_crewpay",
									"type": "DatasetReference",
									"parameters": {
										"path": {
											"value": "@concat('work-pii','/',if(equals(pipeline().parameters.Crewpay_Run,'LDP'),'STG_WEB_AALDP','STG_WEB_AALDC'))\n\n",
											"type": "Expression"
										}
									}
								},
								"logStorageSettings": {
									"linkedServiceName": {
										"referenceName": "ls_crewpay_adls",
										"type": "LinkedServiceReference"
									},
									"path": "crpay-pii/log's"
								},
								"enableLogging": true,
								"storeSettings": {
									"type": "AzureBlobFSReadSettings",
									"recursive": true,
									"enablePartitionDiscovery": false
								}
							}
						},
						{
							"name": "Teradata Data Load LDPC Web Report",
							"type": "DatabricksNotebook",
							"dependsOn": [],
							"policy": {
								"timeout": "7.00:00:00",
								"retry": 0,
								"retryIntervalInSeconds": 30,
								"secureOutput": false,
								"secureInput": false
							},
							"userProperties": [],
							"typeProperties": {
								"notebookPath": {
									"value": "@activity('Parameters').Output.firstRow.Parameters.crpay_prep_to_teradata",
									"type": "Expression"
								},
								"baseParameters": {
									"Table_Cols": {
										"value": "@if(equals(pipeline().parameters.Crewpay_Run,'LDP'),activity('Parameters').Output.firstRow.Parameters.Table_Cols_LDP_Web,activity('Parameters').Output.firstRow.Parameters.Table_Cols_LDC_Web)",
										"type": "Expression"
									},
									"Prep_Database_Name": {
										"value": "@activity('Parameters').Output.firstRow.Parameters.Prep_Database_Name",
										"type": "Expression"
									},
									"TD_Prep_Table_Name": {
										"value": "@if(equals(pipeline().parameters.Crewpay_Run,'LDP'),activity('Parameters').Output.firstRow.Parameters.TD_Prep_Table_Name_LDP_Web,activity('Parameters').Output.firstRow.Parameters.TD_Prep_Table_Name_LDC_Web)",
										"type": "Expression"
									},
									"LZ_Database_Name": {
										"value": "@activity('Parameters').Output.firstRow.Parameters.LZ_Database_Name",
										"type": "Expression"
									},
									"Present_Database_Name": {
										"value": "@activity('Parameters').Output.firstRow.Parameters.Present_Database_Name",
										"type": "Expression"
									},
									"host_Name": {
										"value": "@activity('Parameters').Output.firstRow.Parameters.host_Name",
										"type": "Expression"
									},
									"database_Name": {
										"value": "@activity('Parameters').Output.firstRow.Parameters.database_Name",
										"type": "Expression"
									},
									"user_Name": {
										"value": "@activity('Parameters').Output.firstRow.Parameters.user_Name",
										"type": "Expression"
									},
									"batch_size": {
										"value": "@activity('Parameters').Output.firstRow.Parameters.batch_size",
										"type": "Expression"
									},
									"Num_of_Sessions": {
										"value": "@activity('Parameters').Output.firstRow.Parameters.Num_of_Sessions",
										"type": "Expression"
									},
									"Secret_Scope": {
										"value": "@activity('Parameters').Output.firstRow.Parameters.Secret_Scope",
										"type": "Expression"
									},
									"Secret_Key": {
										"value": "@activity('Parameters').Output.firstRow.Parameters.Secret_Key",
										"type": "Expression"
									},
									"Year": {
										"value": "@if(equals(pipeline().parameters.LOAD_TYPE,'S'),'',pipeline().parameters.Year)",
										"type": "Expression"
									},
									"Month": {
										"value": "@if(equals(pipeline().parameters.LOAD_TYPE,'S'),'',pipeline().parameters.Month)",
										"type": "Expression"
									},
									"LOAD_TYPE": {
										"value": "@pipeline().parameters.LOAD_TYPE",
										"type": "Expression"
									}
								}
							},
							"linkedServiceName": {
								"referenceName": "ls_crewpay_adb_temp",
								"type": "LinkedServiceReference",
								"parameters": {
									"WorkspaceURL": {
										"value": "@activity('Parameters').Output.firstRow.Parameters.WorkspaceURL",
										"type": "Expression"
									},
									"Secret_Name": {
										"value": "@activity('Parameters').Output.firstRow.Parameters.Secret_Name",
										"type": "Expression"
									},
									"ClusterID": {
										"value": "@activity('Parameters').Output.firstRow.Parameters.ClusterID",
										"type": "Expression"
									},
									"KeyVaultDNSName": {
										"value": "@activity('Parameters').Output.firstRow.Parameters.KeyVaultDNSName",
										"type": "Expression"
									},
									"ADB_ENV": {
										"value": "@activity('Parameters').Output.firstRow.Parameters.ADB_ENV",
										"type": "Expression"
									},
									"policyId": {
										"value": "@activity('Parameters').Output.firstRow.Parameters.policyId",
										"type": "Expression"
									},
									"newClusterVersion": {
										"value": "@activity('Parameters').Output.firstRow.Parameters.newClusterVersion",
										"type": "Expression"
									}
								}
							}
						}
					]
				}
			},
			{
				"name": "RestAPI",
				"type": "Copy",
				"dependsOn": [
					{
						"activity": "Final_Notification",
						"dependencyConditions": [
							"Succeeded"
						]
					}
				],
				"policy": {
					"timeout": "7.00:00:00",
					"retry": 0,
					"retryIntervalInSeconds": 30,
					"secureOutput": false,
					"secureInput": false
				},
				"userProperties": [],
				"typeProperties": {
					"source": {
						"type": "RestSource",
						"httpRequestTimeout": "00:01:40",
						"requestInterval": "00.00:00:00.010",
						"requestMethod": "GET"
					},
					"sink": {
						"type": "JsonSink",
						"storeSettings": {
							"type": "AzureBlobFSWriteSettings"
						},
						"formatSettings": {
							"type": "JsonWriteSettings"
						}
					},
					"enableStaging": false
				},
				"inputs": [
					{
						"referenceName": "jse_Restapi",
						"type": "DatasetReference",
						"parameters": {
							"drainName": {
								"value": "@variables('InputFileName')",
								"type": "Expression"
							},
							"restAPI_URL": {
								"value": "@activity('Parameters').Output.firstRow.Parameters.RestAPI_JSE",
								"type": "Expression"
							}
						}
					}
				],
				"outputs": [
					{
						"referenceName": "jse_api_test",
						"type": "DatasetReference"
					}
				]
			}
		],
		"parameters": {
			"Crewpay_Run": {
				"type": "string"
			},
			"LOAD_TYPE": {
				"type": "string"
			},
			"Year": {
				"type": "string",
				"defaultValue": "2021"
			},
			"Month": {
				"type": "string",
				"defaultValue": "08"
			},
			"Parameter_File_Name": {
				"type": "string",
				"defaultValue": "Parameters_West.json"
			}
		},
		"variables": {
			"InputFileName": {
				"type": "String"
			}
		},
		"folder": {
			"name": "L_series"
		},
		"annotations": [],
		"lastPublishTime": "2020-10-08T05:54:54Z"
	},
	"type": "Microsoft.DataFactory/factories/pipelines"
}