{
	"name": "pl_crewpay_postrun",
	"properties": {
		"activities": [
			{
				"name": "Get Filenames",
				"type": "GetMetadata",
				"dependsOn": [],
				"policy": {
					"timeout": "7.00:00:00",
					"retry": 0,
					"retryIntervalInSeconds": 30,
					"secureOutput": false,
					"secureInput": false
				},
				"userProperties": [],
				"typeProperties": {
					"dataset": {
						"referenceName": "ds_crewpay",
						"type": "DatasetReference",
						"parameters": {
							"path": "raw-pii"
						}
					},
					"fieldList": [
						"childItems"
					],
					"storeSettings": {
						"type": "AzureBlobFSReadSettings",
						"recursive": true
					},
					"formatSettings": {
						"type": "JsonReadSettings"
					}
				}
			},
			{
				"name": "28program",
				"type": "ForEach",
				"dependsOn": [
					{
						"activity": "Postrun_Path",
						"dependencyConditions": [
							"Succeeded"
						]
					}
				],
				"userProperties": [],
				"typeProperties": {
					"items": {
						"value": "@activity('Postrun_Path').output.value",
						"type": "Expression"
					},
					"isSequential": true,
					"activities": [
						{
							"name": "CrewPay_CRP028ac",
							"type": "DatabricksNotebook",
							"dependsOn": [
								{
									"activity": "Count_Validation",
									"dependencyConditions": [
										"Completed"
									]
								}
							],
							"policy": {
								"timeout": "7.00:00:00",
								"retry": 0,
								"retryIntervalInSeconds": 30,
								"secureOutput": false,
								"secureInput": false
							},
							"userProperties": [],
							"typeProperties": {
								"notebookPath": {
									"value": "@pipeline().parameters.WRAPPER_PROGRAM",
									"type": "Expression"
								},
								"baseParameters": {
									"Input_File": {
										"value": "@concat(pipeline().parameters.prog28ac_Input_File,'/',item().name,'/')",
										"type": "Expression"
									},
									"Output_File_Report": {
										"value": "@concat(pipeline().parameters.prog28ac_Output_File_Report,'/','Reports','/',substring(variables('filename'),0,5))",
										"type": "Expression"
									},
									"Output_File_Data": {
										"value": "@concat(pipeline().parameters.prog28ac_Output_File_Data,'/',substring(variables('filename'),0,5))",
										"type": "Expression"
									},
									"receiver_emails": {
										"value": "@pipeline().parameters.To_Email",
										"type": "Expression"
									},
									"sender_email": {
										"value": "@pipeline().parameters.From_Email",
										"type": "Expression"
									},
									"notebook_path": {
										"value": "@pipeline().parameters.NB_Path_28",
										"type": "Expression"
									},
									"Rejected_Records_path": {
										"value": "@pipeline().parameters.Rejected_Records_path",
										"type": "Expression"
									},
									"Operational_Metadata_Path": {
										"value": "@pipeline().parameters.Operational_Metadata_Path",
										"type": "Expression"
									},
									"Indicator_File_Path": {
										"value": "@pipeline().parameters.Indicator_File_Path",
										"type": "Expression"
									},
									"Input_File_Name": {
										"value": "@variables('filename')",
										"type": "Expression"
									},
									"LOAD_TYPE": {
										"value": "@pipeline().parameters.LOAD_TYPE",
										"type": "Expression"
									},
									"Crewpay_Run": {
										"value": "@pipeline().parameters.Crewpay_Run",
										"type": "Expression"
									},
									"Adf_Name": {
										"value": "@pipeline().DataFactory",
										"type": "Expression"
									},
									"Pipeline_Name": {
										"value": "@pipeline().Pipeline",
										"type": "Expression"
									},
									"clinet_id": {
										"value": "@pipeline().parameters.clinet_id",
										"type": "Expression"
									},
									"app_tenant_id": {
										"value": "@pipeline().parameters.app_tenant_id",
										"type": "Expression"
									},
									"resource_id": {
										"value": "@pipeline().parameters.resource_id",
										"type": "Expression"
									},
									"secret_scope": {
										"value": "@pipeline().parameters.secret_scope",
										"type": "Expression"
									},
									"app_key": {
										"value": "@pipeline().parameters.app_key",
										"type": "Expression"
									}
								}
							},
							"linkedServiceName": {
								"referenceName": "ls_crewpay_adb_temp",
								"type": "LinkedServiceReference",
								"parameters": {
									"WorkspaceURL": {
										"value": "@pipeline().parameters.WorkspaceURL",
										"type": "Expression"
									},
									"Secret_Name": {
										"value": "@pipeline().parameters.Secret_Name",
										"type": "Expression"
									},
									"ClusterID": {
										"value": "@pipeline().parameters.ClusterID",
										"type": "Expression"
									},
									"KeyVaultDNSName": {
										"value": "@pipeline().parameters.KeyVaultDNSName",
										"type": "Expression"
									},
									"ADB_ENV": {
										"value": "@pipeline().parameters.ADB_ENV",
										"type": "Expression"
									},
									"policyId": {
										"value": "@pipeline().parameters.policyId",
										"type": "Expression"
									},
									"newClusterVersion": {
										"value": "@pipeline().parameters.newClusterVersion",
										"type": "Expression"
									}
								}
							}
						},
						{
							"name": "Get Filenames_Postrun",
							"type": "GetMetadata",
							"dependsOn": [],
							"policy": {
								"timeout": "7.00:00:00",
								"retry": 0,
								"retryIntervalInSeconds": 30,
								"secureOutput": false,
								"secureInput": false
							},
							"userProperties": [],
							"typeProperties": {
								"dataset": {
									"referenceName": "ds_crewpay",
									"type": "DatasetReference",
									"parameters": {
										"path": {
											"value": "@concat('raw-pii','/',item().name)",
											"type": "Expression"
										}
									}
								},
								"fieldList": [
									"childItems"
								],
								"storeSettings": {
									"type": "AzureBlobFSReadSettings",
									"recursive": true
								},
								"formatSettings": {
									"type": "JsonReadSettings"
								}
							}
						},
						{
							"name": "Count_Validation",
							"type": "DatabricksNotebook",
							"dependsOn": [
								{
									"activity": "filename",
									"dependencyConditions": [
										"Succeeded"
									]
								}
							],
							"policy": {
								"timeout": "7.00:00:00",
								"retry": 3,
								"retryIntervalInSeconds": 300,
								"secureOutput": false,
								"secureInput": false
							},
							"userProperties": [],
							"typeProperties": {
								"notebookPath": {
									"value": "@pipeline().parameters.Count_Validation",
									"type": "Expression"
								},
								"baseParameters": {
									"Json_Input": {
										"value": "@concat(pipeline().parameters.prog28ac_Input_File,'/',item().name,'/')",
										"type": "Expression"
									},
									"Adf_Name": {
										"value": "@pipeline().parameters.Adf_Name",
										"type": "Expression"
									},
									"Pipeline_Name": {
										"value": "@pipeline().parameters.Pipeline_Name",
										"type": "Expression"
									},
									"To_Email": {
										"value": "@pipeline().parameters.To_Email",
										"type": "Expression"
									},
									"From_Email": {
										"value": "@pipeline().parameters.From_Email",
										"type": "Expression"
									},
									"Crewpay_Run": {
										"value": "@pipeline().parameters.Crewpay_Run",
										"type": "Expression"
									},
									"clinet_id": {
										"value": "@pipeline().parameters.clinet_id",
										"type": "Expression"
									},
									"app_tenant_id": {
										"value": "@pipeline().parameters.app_tenant_id",
										"type": "Expression"
									},
									"resource_id": {
										"value": "@pipeline().parameters.resource_id",
										"type": "Expression"
									},
									"app_key": {
										"value": "@pipeline().parameters.app_key",
										"type": "Expression"
									},
									"secret_scope": {
										"value": "@pipeline().parameters.secret_scope",
										"type": "Expression"
									}
								}
							},
							"linkedServiceName": {
								"referenceName": "ls_crewpay_adb_temp",
								"type": "LinkedServiceReference",
								"parameters": {
									"WorkspaceURL": {
										"value": "@pipeline().parameters.WorkspaceURL",
										"type": "Expression"
									},
									"Secret_Name": {
										"value": "@pipeline().parameters.Secret_Name",
										"type": "Expression"
									},
									"ClusterID": {
										"value": "@pipeline().parameters.ClusterID",
										"type": "Expression"
									},
									"KeyVaultDNSName": {
										"value": "@pipeline().parameters.KeyVaultDNSName",
										"type": "Expression"
									},
									"ADB_ENV": {
										"value": "@pipeline().parameters.ADB_ENV",
										"type": "Expression"
									},
									"policyId": {
										"value": "@pipeline().parameters.policyId",
										"type": "Expression"
									},
									"newClusterVersion": {
										"value": "@pipeline().parameters.newClusterVersion",
										"type": "Expression"
									}
								}
							}
						},
						{
							"name": "Get_Filename",
							"type": "Filter",
							"dependsOn": [
								{
									"activity": "Get Filenames_Postrun",
									"dependencyConditions": [
										"Succeeded"
									]
								}
							],
							"userProperties": [],
							"typeProperties": {
								"items": {
									"value": "@activity('Get Filenames_Postrun').output.childItems",
									"type": "Expression"
								},
								"condition": {
									"value": "@contains(item().name,'AAPP')",
									"type": "Expression"
								}
							}
						},
						{
							"name": "filename",
							"type": "SetVariable",
							"dependsOn": [
								{
									"activity": "Get_Filename",
									"dependencyConditions": [
										"Succeeded"
									]
								}
							],
							"policy": {
								"secureOutput": false,
								"secureInput": false
							},
							"userProperties": [],
							"typeProperties": {
								"variableName": "filename",
								"value": {
									"value": "@substring(string(activity('Get_Filename').output.value),10,25)",
									"type": "Expression"
								}
							}
						}
					]
				}
			},
			{
				"name": "Postrun_Path",
				"type": "Filter",
				"dependsOn": [
					{
						"activity": "Get Filenames",
						"dependencyConditions": [
							"Succeeded"
						]
					}
				],
				"userProperties": [],
				"typeProperties": {
					"items": {
						"value": "@activity('Get Filenames').output.childItems",
						"type": "Expression"
					},
					"condition": {
						"value": "@contains(item().name,pipeline().parameters.Postcapture_Run)",
						"type": "Expression"
					}
				}
			},
			{
				"name": "29_30Program",
				"type": "ForEach",
				"dependsOn": [
					{
						"activity": "28program",
						"dependencyConditions": [
							"Succeeded"
						]
					}
				],
				"userProperties": [],
				"typeProperties": {
					"items": {
						"value": "@activity('Postrun_Path').output.value",
						"type": "Expression"
					},
					"isSequential": true,
					"activities": [
						{
							"name": "check_ppa_or_ppc",
							"type": "IfCondition",
							"dependsOn": [
								{
									"activity": "filename_nb",
									"dependencyConditions": [
										"Succeeded"
									]
								}
							],
							"userProperties": [],
							"typeProperties": {
								"expression": {
									"value": "@contains(item().name,'PPA')",
									"type": "Expression"
								},
								"ifFalseActivities": [
									{
										"name": "CrewPay_CRP029_cd",
										"type": "DatabricksNotebook",
										"dependsOn": [],
										"policy": {
											"timeout": "7.00:00:00",
											"retry": 0,
											"retryIntervalInSeconds": 30,
											"secureOutput": false,
											"secureInput": false
										},
										"userProperties": [],
										"typeProperties": {
											"notebookPath": {
												"value": "@pipeline().parameters.WRAPPER_PROGRAM",
												"type": "Expression"
											},
											"baseParameters": {
												"Input_File_1": {
													"value": "@concat(pipeline().parameters.prog28ac_Output_File_Data,'/','AAPPC','/','YEAR=',formatDateTime(subtractFromTime(utcnow(),1,'Month'),'yyyy'),'/','MONTH=',formatDateTime(subtractFromTime(utcnow(),1,'Month'),'MM'))",
													"type": "Expression"
												},
												"Input_File_2": {
													"value": "@concat(pipeline().parameters.prog28ac_Output_File_Data,'/','AAPPD','/','YEAR=',formatDateTime(subtractFromTime(utcnow(),1,'Month'),'yyyy'),'/','MONTH=',formatDateTime(subtractFromTime(utcnow(),1,'Month'),'MM'))",
													"type": "Expression"
												},
												"Output_File_Data": {
													"value": "@concat(pipeline().parameters.prog29_Output_File_Data,'/','29_OP','/','AAPPCD')",
													"type": "Expression"
												},
												"notebook_path": {
													"value": "@pipeline().parameters.CrewPay_CRP029_cd_Path",
													"type": "Expression"
												},
												"Operational_Metadata_Path": {
													"value": "@pipeline().parameters.Operational_Metadata_Path",
													"type": "Expression"
												},
												"Indicator_File_Path": {
													"value": "@pipeline().parameters.Indicator_File_Path",
													"type": "Expression"
												},
												"sender_email": {
													"value": "@pipeline().parameters.From_Email",
													"type": "Expression"
												},
												"receiver_emails": {
													"value": "@pipeline().parameters.To_Email",
													"type": "Expression"
												},
												"LOAD_TYPE": {
													"value": "@pipeline().parameters.LOAD_TYPE",
													"type": "Expression"
												},
												"Manual_Input_File_1": {
													"value": "@concat(pipeline().parameters.prog28ac_Output_File_Data,'/','AAPPC','/','YEAR=',pipeline().parameters.Year,'/','MONTH=',pipeline().parameters.Month)",
													"type": "Expression"
												},
												"Manual_Input_File_2": {
													"value": "@concat(pipeline().parameters.prog28ac_Output_File_Data,'/','AAPPD','/','YEAR=',pipeline().parameters.Year,'/','MONTH=',pipeline().parameters.Month)",
													"type": "Expression"
												},
												"Pipeline_Name": {
													"value": "@pipeline().Pipeline",
													"type": "Expression"
												},
												"Adf_Name": {
													"value": "@pipeline().DataFactory",
													"type": "Expression"
												}
											}
										},
										"linkedServiceName": {
											"referenceName": "ls_crewpay_adb_temp",
											"type": "LinkedServiceReference",
											"parameters": {
												"WorkspaceURL": {
													"value": "@pipeline().parameters.WorkspaceURL",
													"type": "Expression"
												},
												"Secret_Name": {
													"value": "@pipeline().parameters.Secret_Name",
													"type": "Expression"
												},
												"ClusterID": {
													"value": "@pipeline().parameters.ClusterID",
													"type": "Expression"
												},
												"KeyVaultDNSName": {
													"value": "@pipeline().parameters.KeyVaultDNSName",
													"type": "Expression"
												},
												"ADB_ENV": {
													"value": "@pipeline().parameters.ADB_ENV",
													"type": "Expression"
												},
												"policyId": {
													"value": "@pipeline().parameters.policyId",
													"type": "Expression"
												},
												"newClusterVersion": {
													"value": "@pipeline().parameters.newClusterVersion",
													"type": "Expression"
												}
											}
										}
									},
									{
										"name": "CrewPay_CRP030_cd",
										"type": "DatabricksNotebook",
										"dependsOn": [
											{
												"activity": "CrewPay_CRP029_cd",
												"dependencyConditions": [
													"Succeeded"
												]
											}
										],
										"policy": {
											"timeout": "7.00:00:00",
											"retry": 0,
											"retryIntervalInSeconds": 30,
											"secureOutput": false,
											"secureInput": false
										},
										"userProperties": [],
										"typeProperties": {
											"notebookPath": {
												"value": "@pipeline().parameters.WRAPPER_PROGRAM",
												"type": "Expression"
											},
											"baseParameters": {
												"Input_File": {
													"value": "@concat(pipeline().parameters.prog29_Output_File_Data,'/','29_OP','/','AAPPCD','/','YEAR=',formatDateTime(subtractFromTime(utcnow(),1,'Month'),'yyyy'),'/','MONTH=',formatDateTime(subtractFromTime(utcnow(),1,'Month'),'MM'))",
													"type": "Expression"
												},
												"Output_File_Report": {
													"value": "@concat(pipeline().parameters.prog30_Output_File_Report,'/','Reports','/','AAPPCD')\n",
													"type": "Expression"
												},
												"Output_File_Data": {
													"value": "@concat(pipeline().parameters.prog30_Output_File_Data,'/','30_OP','/','AAPPCD')\n",
													"type": "Expression"
												},
												"epays_Output_File_Report": {
													"value": "@concat(pipeline().parameters.epays_Output_File_Report,'/')",
													"type": "Expression"
												},
												"notebook_path": {
													"value": "@pipeline().parameters.CrewPay_CRP030_cd_Path",
													"type": "Expression"
												},
												"STG_Output_File_Report": {
													"value": "@concat(pipeline().parameters.STG_Output_File_Report,'/','STG_AAPPCD')",
													"type": "Expression"
												},
												"STG_epays_Output_File_Report": {
													"value": "@concat(pipeline().parameters.STG_epays_Output_File_Report,'/','EPAY_AAPPCD')",
													"type": "Expression"
												},
												"Partition_BY_MONTH": {
													"value": "@formatDateTime(utcnow(),'MM')",
													"type": "Expression"
												},
												"Partition_BY_YEAR": {
													"value": "@formatDateTime(utcnow(),'yyyy')",
													"type": "Expression"
												},
												"Operational_Metadata_Path": {
													"value": "@pipeline().parameters.Operational_Metadata_Path",
													"type": "Expression"
												},
												"Indicator_File_Path": {
													"value": "@pipeline().parameters.Indicator_File_Path",
													"type": "Expression"
												},
												"sender_email": {
													"value": "@pipeline().parameters.From_Email",
													"type": "Expression"
												},
												"receiver_emails": {
													"value": "@pipeline().parameters.To_Email",
													"type": "Expression"
												},
												"BLOB_NAME": {
													"value": "@pipeline().parameters.BLOB_NAME",
													"type": "Expression"
												},
												"LOAD_TYPE": {
													"value": "@pipeline().parameters.LOAD_TYPE",
													"type": "Expression"
												},
												"Manual_Input_File": {
													"value": "@concat(pipeline().parameters.prog29_Output_File_Data,'/','29_OP','/','AAPPCD','/','YEAR=',pipeline().parameters.Year,'/','MONTH=',pipeline().parameters.Month)",
													"type": "Expression"
												},
												"Adf_Name": {
													"value": "@pipeline().DataFactory",
													"type": "Expression"
												},
												"Pipeline_Name": {
													"value": "@pipeline().Pipeline",
													"type": "Expression"
												},
												"epays_archive_path": {
													"value": "@pipeline().parameters.epays_archive_path",
													"type": "Expression"
												},
												"epays_blob_key": {
													"value": "@pipeline().parameters.epays_blob_key",
													"type": "Expression"
												},
												"epays_blob_scope": {
													"value": "@pipeline().parameters.epays_blob_scope",
													"type": "Expression"
												}
											}
										},
										"linkedServiceName": {
											"referenceName": "ls_crewpay_adb_temp",
											"type": "LinkedServiceReference",
											"parameters": {
												"WorkspaceURL": {
													"value": "@pipeline().parameters.WorkspaceURL",
													"type": "Expression"
												},
												"Secret_Name": {
													"value": "@pipeline().parameters.Secret_Name",
													"type": "Expression"
												},
												"ClusterID": {
													"value": "@pipeline().parameters.ClusterID",
													"type": "Expression"
												},
												"KeyVaultDNSName": {
													"value": "@pipeline().parameters.KeyVaultDNSName",
													"type": "Expression"
												},
												"ADB_ENV": {
													"value": "@pipeline().parameters.ADB_ENV",
													"type": "Expression"
												},
												"policyId": {
													"value": "@pipeline().parameters.policyId",
													"type": "Expression"
												},
												"newClusterVersion": {
													"value": "@pipeline().parameters.newClusterVersion",
													"type": "Expression"
												}
											}
										}
									}
								],
								"ifTrueActivities": [
									{
										"name": "CrewPay_CRP029_ab",
										"type": "DatabricksNotebook",
										"dependsOn": [],
										"policy": {
											"timeout": "7.00:00:00",
											"retry": 0,
											"retryIntervalInSeconds": 30,
											"secureOutput": false,
											"secureInput": false
										},
										"userProperties": [],
										"typeProperties": {
											"notebookPath": {
												"value": "@pipeline().parameters.WRAPPER_PROGRAM",
												"type": "Expression"
											},
											"baseParameters": {
												"Input_File_1": {
													"value": "@concat(pipeline().parameters.prog28ac_Output_File_Data,'/','AAPPA','/','YEAR=',formatDateTime(subtractFromTime(utcnow(),1,'Month'),'yyyy'),'/','MONTH=',formatDateTime(subtractFromTime(utcnow(),1,'Month'),'MM'))",
													"type": "Expression"
												},
												"Input_File_2": {
													"value": "@concat(pipeline().parameters.prog28ac_Output_File_Data,'/','AAPPB','/','YEAR=',formatDateTime(subtractFromTime(utcnow(),1,'Month'),'yyyy'),'/','MONTH=',formatDateTime(subtractFromTime(utcnow(),1,'Month'),'MM'))",
													"type": "Expression"
												},
												"Output_File_Data": {
													"value": "@concat(pipeline().parameters.prog29_Output_File_Data,'/','29_OP','/','AAPPAB')",
													"type": "Expression"
												},
												"notebook_path": {
													"value": "@pipeline().parameters.CrewPay_CRP029_ab_Path",
													"type": "Expression"
												},
												"Operational_Metadata_Path": {
													"value": "@pipeline().parameters.Operational_Metadata_Path",
													"type": "Expression"
												},
												"Indicator_File_Path": {
													"value": "@pipeline().parameters.Indicator_File_Path",
													"type": "Expression"
												},
												"receiver_emails": {
													"value": "@pipeline().parameters.To_Email",
													"type": "Expression"
												},
												"sender_email": {
													"value": "@pipeline().parameters.From_Email",
													"type": "Expression"
												},
												"LOAD_TYPE": {
													"value": "@pipeline().parameters.LOAD_TYPE",
													"type": "Expression"
												},
												"Manual_Input_File_1": {
													"value": "@concat(pipeline().parameters.prog28ac_Output_File_Data,'/','AAPPA','/','YEAR=',pipeline().parameters.Year,'/','MONTH=',pipeline().parameters.Month)",
													"type": "Expression"
												},
												"Manual_Input_File_2": {
													"value": "@concat(pipeline().parameters.prog28ac_Output_File_Data,'/','AAPPB','/','YEAR=',pipeline().parameters.Year,'/','MONTH=',pipeline().parameters.Month)",
													"type": "Expression"
												},
												"Pipeline_Name": {
													"value": "@pipeline().Pipeline",
													"type": "Expression"
												},
												"Adf_Name": {
													"value": "@pipeline().DataFactory",
													"type": "Expression"
												}
											}
										},
										"linkedServiceName": {
											"referenceName": "ls_crewpay_adb_temp",
											"type": "LinkedServiceReference",
											"parameters": {
												"WorkspaceURL": {
													"value": "@pipeline().parameters.WorkspaceURL",
													"type": "Expression"
												},
												"Secret_Name": {
													"value": "@pipeline().parameters.Secret_Name",
													"type": "Expression"
												},
												"ClusterID": {
													"value": "@pipeline().parameters.ClusterID",
													"type": "Expression"
												},
												"KeyVaultDNSName": {
													"value": "@pipeline().parameters.KeyVaultDNSName",
													"type": "Expression"
												},
												"ADB_ENV": {
													"value": "@pipeline().parameters.ADB_ENV",
													"type": "Expression"
												},
												"policyId": {
													"value": "@pipeline().parameters.policyId",
													"type": "Expression"
												},
												"newClusterVersion": {
													"value": "@pipeline().parameters.newClusterVersion",
													"type": "Expression"
												}
											}
										}
									},
									{
										"name": "CrewPay_CRP030_ab",
										"type": "DatabricksNotebook",
										"dependsOn": [
											{
												"activity": "CrewPay_CRP029_ab",
												"dependencyConditions": [
													"Succeeded"
												]
											}
										],
										"policy": {
											"timeout": "7.00:00:00",
											"retry": 0,
											"retryIntervalInSeconds": 30,
											"secureOutput": false,
											"secureInput": false
										},
										"userProperties": [],
										"typeProperties": {
											"notebookPath": {
												"value": "@pipeline().parameters.WRAPPER_PROGRAM",
												"type": "Expression"
											},
											"baseParameters": {
												"Input_File": {
													"value": "@concat(pipeline().parameters.prog29_Output_File_Data,'/','29_OP','/','AAPPAB','/','YEAR=',formatDateTime(subtractFromTime(utcnow(),1,'Month'),'yyyy'),'/','MONTH=',formatDateTime(subtractFromTime(utcnow(),1,'Month'),'MM'))",
													"type": "Expression"
												},
												"Output_File_Report": {
													"value": "@concat(pipeline().parameters.prog30_Output_File_Report,'/','Reports','/','AAPPAB')",
													"type": "Expression"
												},
												"Output_File_Data": {
													"value": "@concat(pipeline().parameters.prog30_Output_File_Data,'/','30_OP','/','AAPPAB')",
													"type": "Expression"
												},
												"epays_Output_File_Report": {
													"value": "@concat(pipeline().parameters.epays_Output_File_Report,'/')",
													"type": "Expression"
												},
												"notebook_path": {
													"value": "@pipeline().parameters.CrewPay_CRP030_ab_Path",
													"type": "Expression"
												},
												"STG_Output_File_Report": {
													"value": "@concat(pipeline().parameters.STG_Output_File_Report,'/','STG_AAPPAB')",
													"type": "Expression"
												},
												"STG_epays_Output_File_Report": {
													"value": "@concat(pipeline().parameters.STG_epays_Output_File_Report,'/','EPAY_AAPPAB')",
													"type": "Expression"
												},
												"Partition_BY_MONTH": {
													"value": "@formatDateTime(utcnow(),'MM')",
													"type": "Expression"
												},
												"Partition_BY_YEAR": {
													"value": "@formatDateTime(utcnow(),'yyyy')",
													"type": "Expression"
												},
												"Operational_Metadata_Path": {
													"value": "@pipeline().parameters.Operational_Metadata_Path",
													"type": "Expression"
												},
												"Indicator_File_Path": {
													"value": "@pipeline().parameters.Indicator_File_Path",
													"type": "Expression"
												},
												"receiver_emails": {
													"value": "@pipeline().parameters.To_Email",
													"type": "Expression"
												},
												"sender_email": {
													"value": "@pipeline().parameters.From_Email",
													"type": "Expression"
												},
												"BLOB_NAME": {
													"value": "@pipeline().parameters.BLOB_NAME",
													"type": "Expression"
												},
												"LOAD_TYPE": {
													"value": "@pipeline().parameters.LOAD_TYPE",
													"type": "Expression"
												},
												"Manual_Input_File": {
													"value": "@concat(pipeline().parameters.prog29_Output_File_Data,'/','29_OP','/','AAPPAB','/','YEAR=',pipeline().parameters.Year,'/','MONTH=',pipeline().parameters.Month)",
													"type": "Expression"
												},
												"Adf_Name": {
													"value": "@pipeline().DataFactory",
													"type": "Expression"
												},
												"Pipeline_Name": {
													"value": "@pipeline().Pipeline",
													"type": "Expression"
												},
												"epays_archive_path": {
													"value": "@pipeline().parameters.epays_archive_path",
													"type": "Expression"
												},
												"epays_blob_scope": {
													"value": "@pipeline().parameters.epays_blob_scope",
													"type": "Expression"
												},
												"epays_blob_key": {
													"value": "@pipeline().parameters.epays_blob_key",
													"type": "Expression"
												}
											}
										},
										"linkedServiceName": {
											"referenceName": "ls_crewpay_adb_temp",
											"type": "LinkedServiceReference",
											"parameters": {
												"WorkspaceURL": {
													"value": "@pipeline().parameters.WorkspaceURL",
													"type": "Expression"
												},
												"Secret_Name": {
													"value": "@pipeline().parameters.Secret_Name",
													"type": "Expression"
												},
												"ClusterID": {
													"value": "@pipeline().parameters.ClusterID",
													"type": "Expression"
												},
												"KeyVaultDNSName": {
													"value": "@pipeline().parameters.KeyVaultDNSName",
													"type": "Expression"
												},
												"ADB_ENV": {
													"value": "@pipeline().parameters.ADB_ENV",
													"type": "Expression"
												},
												"policyId": {
													"value": "@pipeline().parameters.policyId",
													"type": "Expression"
												},
												"newClusterVersion": {
													"value": "@pipeline().parameters.newClusterVersion",
													"type": "Expression"
												}
											}
										}
									}
								]
							}
						},
						{
							"name": "Get_Filenames",
							"type": "GetMetadata",
							"dependsOn": [],
							"policy": {
								"timeout": "7.00:00:00",
								"retry": 0,
								"retryIntervalInSeconds": 30,
								"secureOutput": false,
								"secureInput": false
							},
							"userProperties": [],
							"typeProperties": {
								"dataset": {
									"referenceName": "ds_crewpay",
									"type": "DatasetReference",
									"parameters": {
										"path": {
											"value": "@concat('raw-pii','/',item().name)",
											"type": "Expression"
										}
									}
								},
								"fieldList": [
									"childItems"
								],
								"storeSettings": {
									"type": "AzureBlobFSReadSettings",
									"recursive": true
								},
								"formatSettings": {
									"type": "JsonReadSettings"
								}
							}
						},
						{
							"name": "filename_nb",
							"type": "SetVariable",
							"dependsOn": [
								{
									"activity": "Filter2_nb",
									"dependencyConditions": [
										"Succeeded"
									]
								}
							],
							"policy": {
								"secureOutput": false,
								"secureInput": false
							},
							"userProperties": [],
							"typeProperties": {
								"variableName": "filename",
								"value": {
									"value": "@substring(string(activity('Filter2_nb').output.value),10,25)",
									"type": "Expression"
								}
							}
						},
						{
							"name": "Filter2_nb",
							"type": "Filter",
							"dependsOn": [
								{
									"activity": "Get_Filenames",
									"dependencyConditions": [
										"Succeeded"
									]
								}
							],
							"userProperties": [],
							"typeProperties": {
								"items": {
									"value": "@activity('Get_Filenames').output.childItems",
									"type": "Expression"
								},
								"condition": {
									"value": "@contains(item().name,'AAPP')",
									"type": "Expression"
								}
							}
						}
					]
				}
			},
			{
				"name": "Archive_Deletesourcefiles",
				"type": "ForEach",
				"dependsOn": [
					{
						"activity": "29_30Program",
						"dependencyConditions": [
							"Succeeded"
						]
					}
				],
				"userProperties": [],
				"typeProperties": {
					"items": {
						"value": "@activity('Postrun_Path').output.value",
						"type": "Expression"
					},
					"isSequential": true,
					"activities": [
						{
							"name": "Raw_Archive_zone",
							"type": "Copy",
							"dependsOn": [
								{
									"activity": "filename_archive",
									"dependencyConditions": [
										"Succeeded"
									]
								}
							],
							"policy": {
								"timeout": "7.00:00:00",
								"retry": 0,
								"retryIntervalInSeconds": 30,
								"secureOutput": false,
								"secureInput": false
							},
							"userProperties": [],
							"typeProperties": {
								"source": {
									"type": "JsonSource",
									"storeSettings": {
										"type": "AzureBlobFSReadSettings",
										"recursive": true,
										"wildcardFileName": "*.json",
										"enablePartitionDiscovery": false
									},
									"formatSettings": {
										"type": "JsonReadSettings"
									}
								},
								"sink": {
									"type": "JsonSink",
									"storeSettings": {
										"type": "AzureBlobFSWriteSettings"
									},
									"formatSettings": {
										"type": "JsonWriteSettings"
									}
								},
								"enableStaging": false
							},
							"inputs": [
								{
									"referenceName": "ds_crewpay",
									"type": "DatasetReference",
									"parameters": {
										"path": {
											"value": "@concat('raw-pii/',item().name)",
											"type": "Expression"
										}
									}
								}
							],
							"outputs": [
								{
									"referenceName": "ds_crewpay",
									"type": "DatasetReference",
									"parameters": {
										"path": {
											"value": "@concat('his-converted-archive/',variables('filename_archive'))",
											"type": "Expression"
										}
									}
								}
							]
						},
						{
							"name": "Delete",
							"type": "Delete",
							"dependsOn": [
								{
									"activity": "Raw_Archive_zone",
									"dependencyConditions": [
										"Succeeded"
									]
								}
							],
							"policy": {
								"timeout": "7.00:00:00",
								"retry": 0,
								"retryIntervalInSeconds": 30,
								"secureOutput": false,
								"secureInput": false
							},
							"userProperties": [],
							"typeProperties": {
								"dataset": {
									"referenceName": "ds_crewpay",
									"type": "DatasetReference",
									"parameters": {
										"path": {
											"value": "@concat('raw-pii','/',item().name)",
											"type": "Expression"
										}
									}
								},
								"logStorageSettings": {
									"linkedServiceName": {
										"referenceName": "ls_crewpay_adls",
										"type": "LinkedServiceReference"
									},
									"path": "crpay-pii/log's"
								},
								"enableLogging": true,
								"storeSettings": {
									"type": "AzureBlobFSReadSettings",
									"recursive": true,
									"wildcardFileName": "*",
									"enablePartitionDiscovery": false
								}
							}
						},
						{
							"name": "Get Filenames_Postrun_archive",
							"type": "GetMetadata",
							"dependsOn": [],
							"policy": {
								"timeout": "7.00:00:00",
								"retry": 0,
								"retryIntervalInSeconds": 30,
								"secureOutput": false,
								"secureInput": false
							},
							"userProperties": [],
							"typeProperties": {
								"dataset": {
									"referenceName": "ds_crewpay",
									"type": "DatasetReference",
									"parameters": {
										"path": {
											"value": "@concat('raw-pii','/',item().name)",
											"type": "Expression"
										}
									}
								},
								"fieldList": [
									"childItems"
								],
								"storeSettings": {
									"type": "AzureBlobFSReadSettings",
									"recursive": true
								},
								"formatSettings": {
									"type": "JsonReadSettings"
								}
							}
						},
						{
							"name": "Get_Post_FileName_archive",
							"type": "Filter",
							"dependsOn": [
								{
									"activity": "Get Filenames_Postrun_archive",
									"dependencyConditions": [
										"Succeeded"
									]
								}
							],
							"userProperties": [],
							"typeProperties": {
								"items": {
									"value": "@activity('Get Filenames_Postrun_archive').output.childItems",
									"type": "Expression"
								},
								"condition": {
									"value": "@contains(item().name,'AAPP')",
									"type": "Expression"
								}
							}
						},
						{
							"name": "filename_archive",
							"type": "SetVariable",
							"dependsOn": [
								{
									"activity": "Get_Post_FileName_archive",
									"dependencyConditions": [
										"Succeeded"
									]
								}
							],
							"policy": {
								"secureOutput": false,
								"secureInput": false
							},
							"userProperties": [],
							"typeProperties": {
								"variableName": "filename_archive",
								"value": {
									"value": "@substring(string(activity('Get_Post_FileName_archive').output.value),10,25)",
									"type": "Expression"
								}
							}
						}
					]
				}
			}
		],
		"parameters": {
			"prog28ac_Input_File": {
				"type": "string"
			},
			"prog28ac_Output_File_Report": {
				"type": "string"
			},
			"prog28ac_Output_File_Data": {
				"type": "string"
			},
			"prog29_Output_File_Data": {
				"type": "string"
			},
			"prog30_Output_File_Report": {
				"type": "string"
			},
			"prog30_Output_File_Data": {
				"type": "string"
			},
			"CrewPay_CRP029_ab_Path": {
				"type": "string"
			},
			"CrewPay_CRP030_ab_Path": {
				"type": "string"
			},
			"CrewPay_CRP029_cd_Path": {
				"type": "string"
			},
			"CrewPay_CRP030_cd_Path": {
				"type": "string"
			},
			"WorkspaceURL": {
				"type": "string"
			},
			"ClusterID": {
				"type": "string"
			},
			"Secret_Name": {
				"type": "string"
			},
			"Count_Validation": {
				"type": "string"
			},
			"epays_Output_File_Report": {
				"type": "string"
			},
			"NB_Path_28": {
				"type": "string"
			},
			"Adf_Name": {
				"type": "string"
			},
			"Pipeline_Name": {
				"type": "string"
			},
			"To_Email": {
				"type": "string"
			},
			"From_Email": {
				"type": "string"
			},
			"WRAPPER_PROGRAM": {
				"type": "string"
			},
			"STG_epays_Output_File_Report": {
				"type": "string"
			},
			"STG_Output_File_Report": {
				"type": "string"
			},
			"Rejected_Records_path": {
				"type": "string"
			},
			"Operational_Metadata_Path": {
				"type": "string"
			},
			"Indicator_File_Path": {
				"type": "string"
			},
			"BLOB_NAME": {
				"type": "string"
			},
			"epays_archive_path": {
				"type": "string"
			},
			"Postcapture_Run": {
				"type": "string"
			},
			"LOAD_TYPE": {
				"type": "string"
			},
			"Year": {
				"type": "string"
			},
			"Month": {
				"type": "string"
			},
			"Crewpay_Run": {
				"type": "string"
			},
			"epays_blob_key": {
				"type": "string"
			},
			"epays_blob_scope": {
				"type": "string"
			},
			"secret_scope": {
				"type": "string"
			},
			"clinet_id": {
				"type": "string"
			},
			"app_tenant_id": {
				"type": "string"
			},
			"resource_id": {
				"type": "string"
			},
			"app_key": {
				"type": "string"
			},
			"KeyVaultDNSName": {
				"type": "string"
			},
			"ADB_ENV": {
				"type": "string"
			},
			"policyId": {
				"type": "string"
			},
			"newClusterVersion": {
				"type": "string"
			}
		},
		"variables": {
			"filename_archive": {
				"type": "String"
			},
			"filename": {
				"type": "String"
			}
		},
		"folder": {
			"name": "Crewpay"
		},
		"annotations": []
	}
}