{
	"name": "pl_crewpay_LDCPA_master_RESTAPI",
	"properties": {
		"activities": [
			{
				"name": "Parameters",
				"type": "Lookup",
				"dependsOn": [],
				"policy": {
					"timeout": "7.00:00:00",
					"retry": 0,
					"retryIntervalInSeconds": 30,
					"secureOutput": false,
					"secureInput": false
				},
				"userProperties": [],
				"typeProperties": {
					"source": {
						"type": "JsonSource",
						"storeSettings": {
							"type": "AzureBlobStorageReadSettings",
							"recursive": true
						},
						"formatSettings": {
							"type": "JsonReadSettings"
						}
					},
					"dataset": {
						"referenceName": "ds_crewpay_blob_parameter_json",
						"type": "DatasetReference",
						"parameters": {
							"file_name": {
								"value": "@pipeline().parameters.Parameter_File_Name",
								"type": "Expression"
							}
						}
					}
				}
			},
			{
				"name": "Final_Notification",
				"type": "DatabricksNotebook",
				"dependsOn": [
					{
						"activity": "Delete",
						"dependencyConditions": [
							"Succeeded"
						]
					}
				],
				"policy": {
					"timeout": "7.00:00:00",
					"retry": 0,
					"retryIntervalInSeconds": 30,
					"secureOutput": false,
					"secureInput": false
				},
				"userProperties": [],
				"typeProperties": {
					"notebookPath": {
						"value": "@activity('Parameters').Output.firstRow.Parameters.WRAPPER_PROGRAM",
						"type": "Expression"
					},
					"baseParameters": {
						"sender_email": {
							"value": "@activity('Parameters').Output.firstRow.Parameters.From_Email",
							"type": "Expression"
						},
						"receiver_emails": {
							"value": "@activity('Parameters').Output.firstRow.Parameters.To_Email",
							"type": "Expression"
						},
						"notebook_path": {
							"value": "@activity('Parameters').Output.firstRow.Parameters.Final_Notification",
							"type": "Expression"
						},
						"Crewpay_Run": {
							"value": "@pipeline().parameters.Crewpay_Run",
							"type": "Expression"
						},
						"Input_File_Name": {
							"value": "@variables('InputFileName')",
							"type": "Expression"
						},
						"Business_email": {
							"value": "@activity('Parameters').Output.firstRow.Parameters.Business_email",
							"type": "Expression"
						}
					}
				},
				"linkedServiceName": {
					"referenceName": "ls_crewpay_adb_temp",
					"type": "LinkedServiceReference",
					"parameters": {
						"WorkspaceURL": {
							"value": "@activity('Parameters').Output.firstRow.Parameters.WorkspaceURL",
							"type": "Expression"
						},
						"Secret_Name": {
							"value": "@activity('Parameters').Output.firstRow.Parameters.Secret_Name",
							"type": "Expression"
						},
						"ClusterID": {
							"value": "@activity('Parameters').Output.firstRow.Parameters.ClusterID",
							"type": "Expression"
						}
					}
				}
			},
			{
				"name": "Execute_crewpay_ldacp",
				"type": "ExecutePipeline",
				"dependsOn": [
					{
						"activity": "InputFileName",
						"dependencyConditions": [
							"Succeeded"
						]
					}
				],
				"policy": {
					"secureInput": false
				},
				"userProperties": [],
				"typeProperties": {
					"pipeline": {
						"referenceName": "pl_crewpay_ldacp",
						"type": "PipelineReference"
					},
					"waitOnCompletion": true,
					"parameters": {
						"LDACP_Output_File_Report": {
							"value": "@activity('Parameters').Output.firstRow.Parameters.Prep_Output_File_Report",
							"type": "Expression"
						},
						"LDACP_Input_path": {
							"value": "@activity('Parameters').Output.firstRow.Parameters.Raw_Input_Path",
							"type": "Expression"
						},
						"LDACP_CRP052_Path": {
							"value": "@activity('Parameters').Output.firstRow.Parameters.DB_CRP052",
							"type": "Expression"
						},
						"WorkspaceURL": {
							"value": "@activity('Parameters').Output.firstRow.Parameters.WorkspaceURL",
							"type": "Expression"
						},
						"ClusterID": {
							"value": "@activity('Parameters').Output.firstRow.Parameters.ClusterID",
							"type": "Expression"
						},
						"Secret_Name": {
							"value": "@activity('Parameters').Output.firstRow.Parameters.Secret_Name",
							"type": "Expression"
						},
						"Count_Validation": {
							"value": "@activity('Parameters').Output.firstRow.Parameters.Count_Validation",
							"type": "Expression"
						},
						"Adf_Name": {
							"value": "@pipeline().DataFactory",
							"type": "Expression"
						},
						"Pipeline_Name": {
							"value": "@pipeline().Pipeline",
							"type": "Expression"
						},
						"sender_email": {
							"value": "@activity('Parameters').Output.firstRow.Parameters.From_Email",
							"type": "Expression"
						},
						"receiver_email": {
							"value": "@activity('Parameters').Output.firstRow.Parameters.To_Email",
							"type": "Expression"
						},
						"WRAPPER_PROGRAM": {
							"value": "@activity('Parameters').Output.firstRow.Parameters.WRAPPER_PROGRAM",
							"type": "Expression"
						},
						"Rejected_Records_path": {
							"value": "@activity('Parameters').Output.firstRow.Parameters.Rejected_Records_path",
							"type": "Expression"
						},
						"Operational_Metadata_Path": {
							"value": "@activity('Parameters').Output.firstRow.Parameters.Operational_Metadata_Path",
							"type": "Expression"
						},
						"Indicator_File_Path": {
							"value": "@activity('Parameters').Output.firstRow.Parameters.Indicator_File_Path",
							"type": "Expression"
						},
						"LOAD_TYPE": {
							"value": "@pipeline().parameters.LOAD_TYPE",
							"type": "Expression"
						},
						"Lseries": {
							"value": "@pipeline().parameters.Crewpay_Run",
							"type": "Expression"
						},
						"LDACP_CRP098_Path": {
							"value": "@activity('Parameters').Output.firstRow.Parameters.DB_CRP098",
							"type": "Expression"
						},
						"STG_Output_File_Report": {
							"value": "@activity('Parameters').Output.firstRow.Parameters.STG_Output_File_Report",
							"type": "Expression"
						},
						"DB_CRP_LDC_WEB_REPORT": {
							"value": "@activity('Parameters').Output.firstRow.Parameters.DB_CRP_LDC_WEB_REPORT",
							"type": "Expression"
						},
						"DB_CRP_LDP_WEB_REPORT": {
							"value": "@activity('Parameters').Output.firstRow.Parameters.DB_CRP_LDP_WEB_REPORT",
							"type": "Expression"
						}
					}
				}
			},
			{
				"name": "Get_filename_email_Notification_lseries",
				"type": "GetMetadata",
				"dependsOn": [
					{
						"activity": "Parameters",
						"dependencyConditions": [
							"Succeeded"
						]
					}
				],
				"policy": {
					"timeout": "7.00:00:00",
					"retry": 0,
					"retryIntervalInSeconds": 30,
					"secureOutput": false,
					"secureInput": false
				},
				"userProperties": [],
				"typeProperties": {
					"dataset": {
						"referenceName": "ds_crewpay",
						"type": "DatasetReference",
						"parameters": {
							"path": {
								"value": "@concat('raw-pii','/',pipeline().parameters.Crewpay_Run)",
								"type": "Expression"
							}
						}
					},
					"fieldList": [
						"childItems"
					],
					"storeSettings": {
						"type": "AzureBlobFSReadSettings",
						"recursive": true,
						"enablePartitionDiscovery": false
					},
					"formatSettings": {
						"type": "JsonReadSettings"
					}
				}
			},
			{
				"name": "Get_FileName_lseries",
				"type": "Filter",
				"dependsOn": [
					{
						"activity": "Get_filename_email_Notification_lseries",
						"dependencyConditions": [
							"Succeeded"
						]
					}
				],
				"userProperties": [],
				"typeProperties": {
					"items": {
						"value": "@activity('Get_filename_email_Notification_lseries').output.childItems",
						"type": "Expression"
					},
					"condition": {
						"value": "@contains(item().name,'AALD')",
						"type": "Expression"
					}
				}
			},
			{
				"name": "InputFileName",
				"type": "SetVariable",
				"dependsOn": [
					{
						"activity": "Get_FileName_lseries",
						"dependencyConditions": [
							"Succeeded"
						]
					}
				],
				"policy": {
					"secureOutput": false,
					"secureInput": false
				},
				"userProperties": [],
				"typeProperties": {
					"variableName": "InputFileName",
					"value": {
						"value": "@concat(substring(string(activity('Get_FileName_lseries').output.value),10,10),'.bin')",
						"type": "Expression"
					}
				}
			},
			{
				"name": "Powerbi_refreshlseries",
				"type": "IfCondition",
				"dependsOn": [
					{
						"activity": "Execute_crewpay_ldacp",
						"dependencyConditions": [
							"Succeeded"
						]
					}
				],
				"userProperties": [],
				"typeProperties": {
					"expression": {
						"value": "@if(equals(pipeline().parameters.Crewpay_Run,'LDA'),'true','false')",
						"type": "Expression"
					},
					"ifFalseActivities": [
						{
							"name": "PowerBi_Refresh_ldpc",
							"type": "ExecutePipeline",
							"dependsOn": [],
							"policy": {
								"secureInput": false
							},
							"userProperties": [],
							"typeProperties": {
								"pipeline": {
									"referenceName": "pl_PBI_dataset_refresh",
									"type": "PipelineReference"
								},
								"waitOnCompletion": true,
								"parameters": {
									"SecretName_TenantId": "TenantId",
									"SecretName_SPClientId": "ClientId",
									"SecretName_SPSecret": {
										"value": "@activity('Parameters').Output.firstRow.Parameters.SecretName_SPSecret",
										"type": "Expression"
									},
									"KeyVaultDNSName": {
										"value": "@activity('Parameters').Output.firstRow.Parameters.KeyVaultDNSName",
										"type": "Expression"
									},
									"workspaceGuid": {
										"value": "@activity('Parameters').Output.firstRow.Parameters.workspaceGuid",
										"type": "Expression"
									},
									"datasetGuid": {
										"value": "@if(equals(pipeline().parameters.Crewpay_Run,'LDP'),activity('Parameters').Output.firstRow.Parameters.datasetGuid_LDP,activity('Parameters').Output.firstRow.Parameters.datasetGuid_LDC)",
										"type": "Expression"
									}
								}
							}
						},
						{
							"name": "Delete_Work-pii_ldpc",
							"type": "Delete",
							"dependsOn": [
								{
									"activity": "PowerBi_Refresh_ldpc",
									"dependencyConditions": [
										"Succeeded"
									]
								}
							],
							"policy": {
								"timeout": "7.00:00:00",
								"retry": 0,
								"retryIntervalInSeconds": 30,
								"secureOutput": false,
								"secureInput": false
							},
							"userProperties": [],
							"typeProperties": {
								"dataset": {
									"referenceName": "ds_crewpay",
									"type": "DatasetReference",
									"parameters": {
										"path": {
											"value": "@concat('work-pii','/',if(equals(pipeline().parameters.Crewpay_Run,'LDP'),'STG_AALDP','STG_AALDC'))\n\n",
											"type": "Expression"
										}
									}
								},
								"logStorageSettings": {
									"linkedServiceName": {
										"referenceName": "ls_crewpay_adls",
										"type": "LinkedServiceReference"
									},
									"path": "crpay-pii/log's"
								},
								"enableLogging": true,
								"storeSettings": {
									"type": "AzureBlobFSReadSettings",
									"recursive": true,
									"enablePartitionDiscovery": false
								}
							}
						}
					],
					"ifTrueActivities": [
						{
							"name": "PowerBi_Refresh",
							"type": "ExecutePipeline",
							"dependsOn": [],
							"policy": {
								"secureInput": false
							},
							"userProperties": [],
							"typeProperties": {
								"pipeline": {
									"referenceName": "pl_PBI_dataset_refresh",
									"type": "PipelineReference"
								},
								"waitOnCompletion": true,
								"parameters": {
									"SecretName_TenantId": "TenantId",
									"SecretName_SPClientId": "ClientId",
									"SecretName_SPSecret": {
										"value": "@activity('Parameters').Output.firstRow.Parameters.SecretName_SPSecret",
										"type": "Expression"
									},
									"KeyVaultDNSName": {
										"value": "@activity('Parameters').Output.firstRow.Parameters.KeyVaultDNSName",
										"type": "Expression"
									},
									"workspaceGuid": {
										"value": "@activity('Parameters').Output.firstRow.Parameters.workspaceGuid",
										"type": "Expression"
									},
									"datasetGuid": {
										"value": "@activity('Parameters').Output.firstRow.Parameters.datasetGuid_LDA",
										"type": "Expression"
									}
								}
							}
						},
						{
							"name": "Delete_Work-pii",
							"type": "Delete",
							"dependsOn": [
								{
									"activity": "PowerBi_Refresh",
									"dependencyConditions": [
										"Succeeded"
									]
								}
							],
							"policy": {
								"timeout": "7.00:00:00",
								"retry": 0,
								"retryIntervalInSeconds": 30,
								"secureOutput": false,
								"secureInput": false
							},
							"userProperties": [],
							"typeProperties": {
								"dataset": {
									"referenceName": "ds_crewpay",
									"type": "DatasetReference",
									"parameters": {
										"path": {
											"value": "@concat('work-pii','/','STG_AALDA')",
											"type": "Expression"
										}
									}
								},
								"logStorageSettings": {
									"linkedServiceName": {
										"referenceName": "ls_crewpay_adls",
										"type": "LinkedServiceReference"
									},
									"path": "crpay-pii/log's"
								},
								"enableLogging": true,
								"storeSettings": {
									"type": "AzureBlobFSReadSettings",
									"recursive": true,
									"enablePartitionDiscovery": false
								}
							}
						}
					]
				}
			},
			{
				"name": "Delete",
				"type": "Delete",
				"dependsOn": [
					{
						"activity": "Powerbi_refreshlseries_web_report",
						"dependencyConditions": [
							"Succeeded"
						]
					}
				],
				"policy": {
					"timeout": "7.00:00:00",
					"retry": 0,
					"retryIntervalInSeconds": 30,
					"secureOutput": false,
					"secureInput": false
				},
				"userProperties": [],
				"typeProperties": {
					"dataset": {
						"referenceName": "ds_crewpay",
						"type": "DatasetReference",
						"parameters": {
							"path": "delta-reject-pii"
						}
					},
					"logStorageSettings": {
						"linkedServiceName": {
							"referenceName": "ls_crewpay_adls",
							"type": "LinkedServiceReference"
						},
						"path": "crpay-pii/log's"
					},
					"enableLogging": true,
					"storeSettings": {
						"type": "AzureBlobFSReadSettings",
						"recursive": true,
						"wildcardFileName": "*",
						"enablePartitionDiscovery": false
					}
				}
			},
			{
				"name": "Powerbi_refreshlseries_web_report",
				"type": "IfCondition",
				"dependsOn": [
					{
						"activity": "Powerbi_refreshlseries",
						"dependencyConditions": [
							"Succeeded"
						]
					}
				],
				"userProperties": [],
				"typeProperties": {
					"expression": {
						"value": "@if(or(equals(pipeline().parameters.Crewpay_Run,'LDC'),equals(pipeline().parameters.Crewpay_Run,'LDP')),'true','false')",
						"type": "Expression"
					},
					"ifTrueActivities": [
						{
							"name": "PowerBi_Refresh_ldpcp_web_report",
							"type": "ExecutePipeline",
							"dependsOn": [],
							"policy": {
								"secureInput": false
							},
							"userProperties": [],
							"typeProperties": {
								"pipeline": {
									"referenceName": "pl_PBI_dataset_refresh",
									"type": "PipelineReference"
								},
								"waitOnCompletion": true,
								"parameters": {
									"SecretName_TenantId": "TenantId",
									"SecretName_SPClientId": "ClientId",
									"SecretName_SPSecret": {
										"value": "@activity('Parameters').Output.firstRow.Parameters.SecretName_SPSecret",
										"type": "Expression"
									},
									"KeyVaultDNSName": {
										"value": "@activity('Parameters').Output.firstRow.Parameters.KeyVaultDNSName",
										"type": "Expression"
									},
									"workspaceGuid": {
										"value": "@activity('Parameters').Output.firstRow.Parameters.workspaceGuid",
										"type": "Expression"
									},
									"datasetGuid": {
										"value": "@if(equals(pipeline().parameters.Crewpay_Run,'LDP'),activity('Parameters').Output.firstRow.Parameters.datasetGuid_LDP_Web_Report,activity('Parameters').Output.firstRow.Parameters.datasetGuid_LDC_Web_Report)",
										"type": "Expression"
									}
								}
							}
						},
						{
							"name": "Delete_Work-pii_ldpcp_web_report",
							"type": "Delete",
							"dependsOn": [
								{
									"activity": "PowerBi_Refresh_ldpcp_web_report",
									"dependencyConditions": [
										"Succeeded"
									]
								}
							],
							"policy": {
								"timeout": "7.00:00:00",
								"retry": 0,
								"retryIntervalInSeconds": 30,
								"secureOutput": false,
								"secureInput": false
							},
							"userProperties": [],
							"typeProperties": {
								"dataset": {
									"referenceName": "ds_crewpay",
									"type": "DatasetReference",
									"parameters": {
										"path": {
											"value": "@concat('work-pii','/',if(equals(pipeline().parameters.Crewpay_Run,'LDP'),'STG_WEB_AALDP','STG_WEB_AALDC'))\n\n",
											"type": "Expression"
										}
									}
								},
								"logStorageSettings": {
									"linkedServiceName": {
										"referenceName": "ls_crewpay_adls",
										"type": "LinkedServiceReference"
									},
									"path": "crpay-pii/log's"
								},
								"enableLogging": true,
								"storeSettings": {
									"type": "AzureBlobFSReadSettings",
									"recursive": true,
									"enablePartitionDiscovery": false
								}
							}
						}
					]
				}
			},
			{
				"name": "RestAPI",
				"type": "Copy",
				"dependsOn": [
					{
						"activity": "Final_Notification",
						"dependencyConditions": [
							"Succeeded"
						]
					}
				],
				"policy": {
					"timeout": "7.00:00:00",
					"retry": 0,
					"retryIntervalInSeconds": 30,
					"secureOutput": false,
					"secureInput": false
				},
				"userProperties": [],
				"typeProperties": {
					"source": {
						"type": "RestSource",
						"httpRequestTimeout": "00:01:40",
						"requestInterval": "00.00:00:00.010",
						"requestMethod": "GET"
					},
					"sink": {
						"type": "JsonSink",
						"storeSettings": {
							"type": "AzureBlobFSWriteSettings"
						},
						"formatSettings": {
							"type": "JsonWriteSettings"
						}
					},
					"enableStaging": false
				},
				"inputs": [
					{
						"referenceName": "jse_Restapi",
						"type": "DatasetReference",
						"parameters": {
							"drainName": {
								"value": "@variables('InputFileName')",
								"type": "Expression"
							},
							"restAPI_URL": {
								"value": "@activity('Parameters').Output.firstRow.Parameters.RestAPI_JSE",
								"type": "Expression"
							}
						}
					}
				],
				"outputs": [
					{
						"referenceName": "jse_api_test",
						"type": "DatasetReference"
					}
				]
			}
		],
		"parameters": {
			"Crewpay_Run": {
				"type": "string"
			},
			"LOAD_TYPE": {
				"type": "string"
			},
			"Parameter_File_Name": {
				"type": "string",
				"defaultValue": "Parameters.json"
			}
		},
		"variables": {
			"InputFileName": {
				"type": "String"
			}
		},
		"folder": {
			"name": "Test"
		},
		"annotations": [],
		"lastPublishTime": "2020-10-08T05:54:54Z"
	},
	"type": "Microsoft.DataFactory/factories/pipelines"
}