{
	"name": "pl_crewpay_Precapture_Run",
	"properties": {
		"activities": [
			{
				"name": "Get Filenames",
				"type": "GetMetadata",
				"dependsOn": [],
				"policy": {
					"timeout": "7.00:00:00",
					"retry": 0,
					"retryIntervalInSeconds": 30,
					"secureOutput": false,
					"secureInput": false
				},
				"userProperties": [],
				"typeProperties": {
					"dataset": {
						"referenceName": "ds_crewpay",
						"type": "DatasetReference",
						"parameters": {
							"path": "raw-pii"
						}
					},
					"fieldList": [
						"childItems"
					],
					"storeSettings": {
						"type": "AzureBlobFSReadSettings",
						"recursive": true
					},
					"formatSettings": {
						"type": "JsonReadSettings"
					}
				}
			},
			{
				"name": "28_Program",
				"type": "ForEach",
				"dependsOn": [
					{
						"activity": "Prerun_Path",
						"dependencyConditions": [
							"Succeeded"
						]
					}
				],
				"userProperties": [],
				"typeProperties": {
					"items": {
						"value": "@activity('Prerun_Path').output.value",
						"type": "Expression"
					},
					"isSequential": true,
					"activities": [
						{
							"name": "CrewPay_CRP028bd",
							"type": "DatabricksNotebook",
							"dependsOn": [
								{
									"activity": "Count_Validation",
									"dependencyConditions": [
										"Completed"
									]
								}
							],
							"policy": {
								"timeout": "7.00:00:00",
								"retry": 0,
								"retryIntervalInSeconds": 30,
								"secureOutput": false,
								"secureInput": false
							},
							"userProperties": [],
							"typeProperties": {
								"notebookPath": {
									"value": "@pipeline().parameters.WRAPPER_PROGRAM",
									"type": "Expression"
								},
								"baseParameters": {
									"Input_File": {
										"value": "@concat(pipeline().parameters.CrewPay_CRP028bd_Path,'/',item().name,'/')",
										"type": "Expression"
									},
									"Output_File_Report": {
										"value": "@concat(pipeline().parameters.prog28bd_Output_File_Report,'/','Reports','/',substring(variables('filename'),0,5),'/')",
										"type": "Expression"
									},
									"Output_File_Data": {
										"value": "@concat(pipeline().parameters.prog28bd_Output_File_Data,'/',substring(variables('filename'),0,5),'/')",
										"type": "Expression"
									},
									"receiver_emails": {
										"value": "@pipeline().parameters.receiver_email",
										"type": "Expression"
									},
									"sender_email": {
										"value": "@pipeline().parameters.sender_email",
										"type": "Expression"
									},
									"notebook_path": {
										"value": "@pipeline().parameters.NB_Path_28",
										"type": "Expression"
									},
									"Rejected_Records_path": {
										"value": "@pipeline().parameters.Rejected_Records_path",
										"type": "Expression"
									},
									"Operational_Metadata_Path": {
										"value": "@pipeline().parameters.Operational_Metadata_Path",
										"type": "Expression"
									},
									"Input_File_Name": {
										"value": "@variables('filename')",
										"type": "Expression"
									},
									"Indicator_File_Path": {
										"value": "@pipeline().parameters.Indicator_File_Path",
										"type": "Expression"
									},
									"LOAD_TYPE": {
										"value": "@pipeline().parameters.LOAD_TYPE",
										"type": "Expression"
									},
									"Crewpay_Run": {
										"value": "@pipeline().parameters.Crewpay_Run",
										"type": "Expression"
									},
									"Pipeline_Name": {
										"value": "@pipeline().Pipeline",
										"type": "Expression"
									},
									"Adf_Name": {
										"value": "@pipeline().DataFactory",
										"type": "Expression"
									},
									"clinet_id": {
										"value": "@pipeline().parameters.clinet_id",
										"type": "Expression"
									},
									"app_tenant_id": {
										"value": "@pipeline().parameters.app_tenant_id",
										"type": "Expression"
									},
									"resource_id": {
										"value": "@pipeline().parameters.resource_id",
										"type": "Expression"
									},
									"app_key": {
										"value": "@pipeline().parameters.app_key",
										"type": "Expression"
									},
									"secret_scope": {
										"value": "@pipeline().parameters.secret_scope",
										"type": "Expression"
									}
								}
							},
							"linkedServiceName": {
								"referenceName": "ls_crewpay_adb_temp",
								"type": "LinkedServiceReference",
								"parameters": {
									"WorkspaceURL": {
										"value": "@pipeline().parameters.WorkspaceURL",
										"type": "Expression"
									},
									"Secret_Name": {
										"value": "@pipeline().parameters.Secret_Name",
										"type": "Expression"
									},
									"ClusterID": {
										"value": "@pipeline().parameters.ClusterID",
										"type": "Expression"
									},
									"KeyVaultDNSName": {
										"value": "@pipeline().parameters.KeyVaultDNSName",
										"type": "Expression"
									},
									"ADB_ENV": {
										"value": "@pipeline().parameters.ADB_ENV",
										"type": "Expression"
									},
									"policyId": {
										"value": "@pipeline().parameters.policyId",
										"type": "Expression"
									},
									"newClusterVersion": {
										"value": "@pipeline().parameters.newClusterVersion",
										"type": "Expression"
									}
								}
							}
						},
						{
							"name": "Get Filenames_Prerun",
							"type": "GetMetadata",
							"dependsOn": [],
							"policy": {
								"timeout": "7.00:00:00",
								"retry": 0,
								"retryIntervalInSeconds": 30,
								"secureOutput": false,
								"secureInput": false
							},
							"userProperties": [],
							"typeProperties": {
								"dataset": {
									"referenceName": "ds_crewpay",
									"type": "DatasetReference",
									"parameters": {
										"path": {
											"value": "@concat('raw-pii','/',item().name)",
											"type": "Expression"
										}
									}
								},
								"fieldList": [
									"childItems"
								],
								"storeSettings": {
									"type": "AzureBlobFSReadSettings",
									"recursive": true
								},
								"formatSettings": {
									"type": "JsonReadSettings"
								}
							}
						},
						{
							"name": "Count_Validation",
							"type": "DatabricksNotebook",
							"dependsOn": [
								{
									"activity": "filename",
									"dependencyConditions": [
										"Succeeded"
									]
								}
							],
							"policy": {
								"timeout": "7.00:00:00",
								"retry": 3,
								"retryIntervalInSeconds": 300,
								"secureOutput": false,
								"secureInput": false
							},
							"userProperties": [],
							"typeProperties": {
								"notebookPath": {
									"value": "@pipeline().parameters.Count_Validation",
									"type": "Expression"
								},
								"baseParameters": {
									"Json_Input": {
										"value": "@concat(pipeline().parameters.CrewPay_CRP028bd_Path,'/',item().name,'/')",
										"type": "Expression"
									},
									"Adf_Name": {
										"value": "@pipeline().parameters.Adf_Name",
										"type": "Expression"
									},
									"Pipeline_Name": {
										"value": "@pipeline().parameters.Pipeline_Name",
										"type": "Expression"
									},
									"To_Email": {
										"value": "@pipeline().parameters.receiver_email",
										"type": "Expression"
									},
									"From_Email": {
										"value": "@pipeline().parameters.sender_email",
										"type": "Expression"
									},
									"Crewpay_Run": {
										"value": "@pipeline().parameters.Crewpay_Run",
										"type": "Expression"
									},
									"clinet_id": {
										"value": "@pipeline().parameters.clinet_id",
										"type": "Expression"
									},
									"app_tenant_id": {
										"value": "@pipeline().parameters.app_tenant_id",
										"type": "Expression"
									},
									"resource_id": {
										"value": "@pipeline().parameters.resource_id",
										"type": "Expression"
									},
									"app_key": {
										"value": "@pipeline().parameters.app_key",
										"type": "Expression"
									},
									"secret_scope": {
										"value": "@pipeline().parameters.secret_scope",
										"type": "Expression"
									}
								}
							},
							"linkedServiceName": {
								"referenceName": "ls_crewpay_adb_temp",
								"type": "LinkedServiceReference",
								"parameters": {
									"WorkspaceURL": {
										"value": "@pipeline().parameters.WorkspaceURL",
										"type": "Expression"
									},
									"Secret_Name": {
										"value": "@pipeline().parameters.Secret_Name",
										"type": "Expression"
									},
									"ClusterID": {
										"value": "@pipeline().parameters.ClusterID",
										"type": "Expression"
									},
									"KeyVaultDNSName": {
										"value": "@pipeline().parameters.KeyVaultDNSName",
										"type": "Expression"
									},
									"ADB_ENV": {
										"value": "@pipeline().parameters.ADB_ENV",
										"type": "Expression"
									},
									"policyId": {
										"value": "@pipeline().parameters.policyId",
										"type": "Expression"
									},
									"newClusterVersion": {
										"value": "@pipeline().parameters.newClusterVersion",
										"type": "Expression"
									}
								}
							}
						},
						{
							"name": "filename",
							"type": "SetVariable",
							"dependsOn": [
								{
									"activity": "Get_FileName",
									"dependencyConditions": [
										"Succeeded"
									]
								}
							],
							"policy": {
								"secureOutput": false,
								"secureInput": false
							},
							"userProperties": [],
							"typeProperties": {
								"variableName": "filename",
								"value": {
									"value": "@substring(string(activity('Get_FileName').output.value),10,25)",
									"type": "Expression"
								}
							}
						},
						{
							"name": "Get_FileName",
							"type": "Filter",
							"dependsOn": [
								{
									"activity": "Get Filenames_Prerun",
									"dependencyConditions": [
										"Succeeded"
									]
								}
							],
							"userProperties": [],
							"typeProperties": {
								"items": {
									"value": "@activity('Get Filenames_Prerun').output.childItems",
									"type": "Expression"
								},
								"condition": {
									"value": "@contains(item().name,'AAPP')",
									"type": "Expression"
								}
							}
						}
					]
				}
			},
			{
				"name": "Prerun_Path",
				"type": "Filter",
				"dependsOn": [
					{
						"activity": "Get Filenames",
						"dependencyConditions": [
							"Succeeded"
						]
					}
				],
				"userProperties": [],
				"typeProperties": {
					"items": {
						"value": "@activity('Get Filenames').output.childItems",
						"type": "Expression"
					},
					"condition": {
						"value": "@contains(item().name,pipeline().parameters.Precapture_Run)",
						"type": "Expression"
					}
				}
			},
			{
				"name": "Archive_Deleteraw-pii",
				"type": "ForEach",
				"dependsOn": [
					{
						"activity": "28_Program",
						"dependencyConditions": [
							"Succeeded"
						]
					}
				],
				"userProperties": [],
				"typeProperties": {
					"items": {
						"value": "@activity('Prerun_Path').output.value",
						"type": "Expression"
					},
					"isSequential": true,
					"activities": [
						{
							"name": "Raw_Archive_zone",
							"type": "Copy",
							"dependsOn": [
								{
									"activity": "filename_archive",
									"dependencyConditions": [
										"Succeeded"
									]
								}
							],
							"policy": {
								"timeout": "7.00:00:00",
								"retry": 0,
								"retryIntervalInSeconds": 30,
								"secureOutput": false,
								"secureInput": false
							},
							"userProperties": [],
							"typeProperties": {
								"source": {
									"type": "JsonSource",
									"storeSettings": {
										"type": "AzureBlobFSReadSettings",
										"recursive": true,
										"wildcardFileName": "*.json",
										"enablePartitionDiscovery": false
									},
									"formatSettings": {
										"type": "JsonReadSettings"
									}
								},
								"sink": {
									"type": "JsonSink",
									"storeSettings": {
										"type": "AzureBlobFSWriteSettings"
									},
									"formatSettings": {
										"type": "JsonWriteSettings"
									}
								},
								"enableStaging": false
							},
							"inputs": [
								{
									"referenceName": "ds_crewpay",
									"type": "DatasetReference",
									"parameters": {
										"path": {
											"value": "@concat('raw-pii/',item().name)",
											"type": "Expression"
										}
									}
								}
							],
							"outputs": [
								{
									"referenceName": "ds_crewpay",
									"type": "DatasetReference",
									"parameters": {
										"path": {
											"value": "@concat('his-converted-archive/',variables('filename_archive'))",
											"type": "Expression"
										}
									}
								}
							]
						},
						{
							"name": "Delete",
							"type": "Delete",
							"dependsOn": [
								{
									"activity": "Raw_Archive_zone",
									"dependencyConditions": [
										"Succeeded"
									]
								}
							],
							"policy": {
								"timeout": "7.00:00:00",
								"retry": 0,
								"retryIntervalInSeconds": 30,
								"secureOutput": false,
								"secureInput": false
							},
							"userProperties": [],
							"typeProperties": {
								"dataset": {
									"referenceName": "ds_crewpay",
									"type": "DatasetReference",
									"parameters": {
										"path": {
											"value": "@concat('raw-pii','/',item().name)",
											"type": "Expression"
										}
									}
								},
								"logStorageSettings": {
									"linkedServiceName": {
										"referenceName": "ls_crewpay_adls",
										"type": "LinkedServiceReference"
									},
									"path": "crpay-pii/log's"
								},
								"enableLogging": true,
								"storeSettings": {
									"type": "AzureBlobFSReadSettings",
									"recursive": true,
									"wildcardFileName": "*",
									"enablePartitionDiscovery": false
								}
							}
						},
						{
							"name": "Get Filenames_Prerun_archive",
							"type": "GetMetadata",
							"dependsOn": [],
							"policy": {
								"timeout": "7.00:00:00",
								"retry": 0,
								"retryIntervalInSeconds": 30,
								"secureOutput": false,
								"secureInput": false
							},
							"userProperties": [],
							"typeProperties": {
								"dataset": {
									"referenceName": "ds_crewpay",
									"type": "DatasetReference",
									"parameters": {
										"path": {
											"value": "@concat('raw-pii','/',item().name)",
											"type": "Expression"
										}
									}
								},
								"fieldList": [
									"childItems"
								],
								"storeSettings": {
									"type": "AzureBlobFSReadSettings",
									"recursive": true
								},
								"formatSettings": {
									"type": "JsonReadSettings"
								}
							}
						},
						{
							"name": "Get_FileName_archive",
							"type": "Filter",
							"dependsOn": [
								{
									"activity": "Get Filenames_Prerun_archive",
									"dependencyConditions": [
										"Succeeded"
									]
								}
							],
							"userProperties": [],
							"typeProperties": {
								"items": {
									"value": "@activity('Get Filenames_Prerun_archive').output.childItems",
									"type": "Expression"
								},
								"condition": {
									"value": "@contains(item().name,'AAPP')",
									"type": "Expression"
								}
							}
						},
						{
							"name": "filename_archive",
							"type": "SetVariable",
							"dependsOn": [
								{
									"activity": "Get_FileName_archive",
									"dependencyConditions": [
										"Succeeded"
									]
								}
							],
							"policy": {
								"secureOutput": false,
								"secureInput": false
							},
							"userProperties": [],
							"typeProperties": {
								"variableName": "filename_archive",
								"value": {
									"value": "@substring(string(activity('Get_FileName_archive').output.value),10,25)",
									"type": "Expression"
								}
							}
						}
					]
				}
			}
		],
		"parameters": {
			"prog28bd_Output_File_Report": {
				"type": "string"
			},
			"prog28bd_Output_File_Data": {
				"type": "string"
			},
			"CrewPay_CRP028bd_Path": {
				"type": "string"
			},
			"WorkspaceURL": {
				"type": "string"
			},
			"ClusterID": {
				"type": "string"
			},
			"Secret_Name": {
				"type": "string"
			},
			"Count_Validation": {
				"type": "string"
			},
			"NB_Path_28": {
				"type": "string"
			},
			"Adf_Name": {
				"type": "string"
			},
			"Pipeline_Name": {
				"type": "string"
			},
			"sender_email": {
				"type": "string"
			},
			"receiver_email": {
				"type": "string"
			},
			"WRAPPER_PROGRAM": {
				"type": "string"
			},
			"Rejected_Records_path": {
				"type": "string"
			},
			"Operational_Metadata_Path": {
				"type": "string"
			},
			"Input_File_Name": {
				"type": "string"
			},
			"Indicator_File_Path": {
				"type": "string"
			},
			"Precapture_Run": {
				"type": "string"
			},
			"LOAD_TYPE": {
				"type": "string"
			},
			"Crewpay_Run": {
				"type": "string"
			},
			"clinet_id": {
				"type": "string"
			},
			"app_tenant_id": {
				"type": "string"
			},
			"resource_id": {
				"type": "string"
			},
			"app_key": {
				"type": "string"
			},
			"secret_scope": {
				"type": "string"
			},
			"KeyVaultDNSName": {
				"type": "string"
			},
			"ADB_ENV": {
				"type": "string"
			},
			"policyId": {
				"type": "string"
			},
			"newClusterVersion": {
				"type": "string"
			}
		},
		"variables": {
			"filename": {
				"type": "String"
			},
			"filename_archive": {
				"type": "String"
			}
		},
		"folder": {
			"name": "Crewpay"
		},
		"annotations": []
	}
}