{
	"name": "pl_crewpay_master_copy2",
	"properties": {
		"activities": [
			{
				"name": "If Precapture",
				"type": "IfCondition",
				"dependsOn": [
					{
						"activity": "Parameters",
						"dependencyConditions": [
							"Succeeded"
						]
					}
				],
				"userProperties": [],
				"typeProperties": {
					"expression": {
						"value": "@if(or(equals(pipeline().parameters.Precapture_Run,'PPB'),equals(pipeline().parameters.Precapture_Run,'PPD')),'true','false')\n\t\t\n",
						"type": "Expression"
					},
					"ifFalseActivities": [
						{
							"name": "pl_crewpay_postrun",
							"type": "ExecutePipeline",
							"dependsOn": [],
							"policy": {
								"secureInput": false
							},
							"userProperties": [],
							"typeProperties": {
								"pipeline": {
									"referenceName": "pl_crewpay_postrun",
									"type": "PipelineReference"
								},
								"waitOnCompletion": true,
								"parameters": {
									"prog28ac_Input_File": {
										"value": "@activity('Parameters').Output.firstRow.Parameters.Raw_Input_Path",
										"type": "Expression"
									},
									"prog28ac_Output_File_Report": {
										"value": "@activity('Parameters').Output.firstRow.Parameters.Prep_Output_File_Report",
										"type": "Expression"
									},
									"prog28ac_Output_File_Data": {
										"value": "@activity('Parameters').Output.firstRow.Parameters.Data_Output_File_Data",
										"type": "Expression"
									},
									"prog29_Output_File_Data": {
										"value": "@activity('Parameters').Output.firstRow.Parameters.Data_Output_File_Data",
										"type": "Expression"
									},
									"prog30_Output_File_Report": {
										"value": "@activity('Parameters').Output.firstRow.Parameters.Prep_Output_File_Report",
										"type": "Expression"
									},
									"prog30_Output_File_Data": {
										"value": "@activity('Parameters').Output.firstRow.Parameters.Data_Output_File_Data",
										"type": "Expression"
									},
									"CrewPay_CRP029_ab_Path": {
										"value": "@activity('Parameters').Output.firstRow.Parameters.DB_CRP029",
										"type": "Expression"
									},
									"CrewPay_CRP030_ab_Path": {
										"value": "@activity('Parameters').Output.firstRow.Parameters.DB_CRP030",
										"type": "Expression"
									},
									"CrewPay_CRP029_cd_Path": {
										"value": "@activity('Parameters').Output.firstRow.Parameters.DB_CRP029",
										"type": "Expression"
									},
									"CrewPay_CRP030_cd_Path": {
										"value": "@activity('Parameters').Output.firstRow.Parameters.DB_CRP030",
										"type": "Expression"
									},
									"WorkspaceURL": {
										"value": "@activity('Parameters').Output.firstRow.Parameters.WorkspaceURL",
										"type": "Expression"
									},
									"ClusterID": {
										"value": "@activity('Parameters').Output.firstRow.Parameters.ClusterID",
										"type": "Expression"
									},
									"Secret_Name": {
										"value": "@activity('Parameters').Output.firstRow.Parameters.Secret_Name",
										"type": "Expression"
									},
									"Count_Validation": {
										"value": "@activity('Parameters').Output.firstRow.Parameters.Count_Validation",
										"type": "Expression"
									},
									"epays_Output_File_Report": {
										"value": "@activity('Parameters').Output.firstRow.Parameters.epays_Output_File_Report",
										"type": "Expression"
									},
									"NB_Path_28": {
										"value": "@activity('Parameters').Output.firstRow.Parameters.DB_CRP028",
										"type": "Expression"
									},
									"Adf_Name": {
										"value": "@pipeline().DataFactory",
										"type": "Expression"
									},
									"Pipeline_Name": {
										"value": "@pipeline().Pipeline",
										"type": "Expression"
									},
									"To_Email": {
										"value": "@activity('Parameters').Output.firstRow.Parameters.To_Email",
										"type": "Expression"
									},
									"From_Email": {
										"value": "@activity('Parameters').Output.firstRow.Parameters.From_Email",
										"type": "Expression"
									},
									"WRAPPER_PROGRAM": {
										"value": "@activity('Parameters').Output.firstRow.Parameters.WRAPPER_PROGRAM",
										"type": "Expression"
									},
									"STG_epays_Output_File_Report": {
										"value": "@activity('Parameters').Output.firstRow.Parameters.STG_epays_Output_File_Report",
										"type": "Expression"
									},
									"STG_Output_File_Report": {
										"value": "@activity('Parameters').Output.firstRow.Parameters.STG_Output_File_Report",
										"type": "Expression"
									},
									"Rejected_Records_path": {
										"value": "@activity('Parameters').Output.firstRow.Parameters.Rejected_Records_path",
										"type": "Expression"
									},
									"Operational_Metadata_Path": {
										"value": "@activity('Parameters').Output.firstRow.Parameters.Operational_Metadata_Path",
										"type": "Expression"
									},
									"Indicator_File_Path": {
										"value": "@activity('Parameters').Output.firstRow.Parameters.Indicator_File_Path",
										"type": "Expression"
									},
									"BLOB_NAME": {
										"value": "@activity('Parameters').Output.firstRow.Parameters.BLOB_NAME",
										"type": "Expression"
									},
									"BLOB_ACCESS_KEY": {
										"value": "@activity('Parameters').Output.firstRow.Parameters.BLOB_ACCESS_KEY",
										"type": "Expression"
									}
								}
							}
						},
						{
							"name": "Delete",
							"type": "Delete",
							"dependsOn": [
								{
									"activity": "pl_crewpay_postrun",
									"dependencyConditions": [
										"Succeeded"
									]
								}
							],
							"policy": {
								"timeout": "7.00:00:00",
								"retry": 0,
								"retryIntervalInSeconds": 30,
								"secureOutput": false,
								"secureInput": false
							},
							"userProperties": [],
							"typeProperties": {
								"dataset": {
									"referenceName": "ds_crewpay",
									"type": "DatasetReference",
									"parameters": {
										"path": "delta-reject-pii"
									}
								},
								"logStorageSettings": {
									"linkedServiceName": {
										"referenceName": "ls_crewpay_adls",
										"type": "LinkedServiceReference"
									},
									"path": "crpay-pii/log's"
								},
								"enableLogging": true,
								"storeSettings": {
									"type": "AzureBlobFSReadSettings",
									"recursive": true,
									"wildcardFileName": "AAPP*",
									"enablePartitionDiscovery": false
								}
							}
						}
					],
					"ifTrueActivities": [
						{
							"name": "pl_crewpy_Precapture_Run",
							"type": "ExecutePipeline",
							"dependsOn": [],
							"policy": {
								"secureInput": false
							},
							"userProperties": [],
							"typeProperties": {
								"pipeline": {
									"referenceName": "pl_crewpay_Precapture_Run_copy1",
									"type": "PipelineReference"
								},
								"waitOnCompletion": true,
								"parameters": {
									"prog28bd_Output_File_Report": {
										"value": "@activity('Parameters').Output.firstRow.Parameters.Prep_Output_File_Report",
										"type": "Expression"
									},
									"prog28bd_Output_File_Data": {
										"value": "@activity('Parameters').Output.firstRow.Parameters.Data_Output_File_Data",
										"type": "Expression"
									},
									"CrewPay_CRP028bd_Path": {
										"value": "@activity('Parameters').Output.firstRow.Parameters.Raw_Input_Path",
										"type": "Expression"
									},
									"WorkspaceURL": {
										"value": "@activity('Parameters').Output.firstRow.Parameters.WorkspaceURL",
										"type": "Expression"
									},
									"ClusterID": {
										"value": "@activity('Parameters').Output.firstRow.Parameters.ClusterID",
										"type": "Expression"
									},
									"Secret_Name": {
										"value": "@activity('Parameters').Output.firstRow.Parameters.Secret_Name",
										"type": "Expression"
									},
									"Count_Validation": {
										"value": "@activity('Parameters').Output.firstRow.Parameters.Count_Validation",
										"type": "Expression"
									},
									"NB_Path_28": {
										"value": "@activity('Parameters').Output.firstRow.Parameters.DB_CRP028",
										"type": "Expression"
									},
									"Adf_Name": {
										"value": "@pipeline().DataFactory",
										"type": "Expression"
									},
									"Pipeline_Name": {
										"value": "@pipeline().Pipeline",
										"type": "Expression"
									},
									"sender_email": {
										"value": "@activity('Parameters').Output.firstRow.Parameters.From_Email",
										"type": "Expression"
									},
									"receiver_email": {
										"value": "@activity('Parameters').Output.firstRow.Parameters.To_Email",
										"type": "Expression"
									},
									"WRAPPER_PROGRAM": {
										"value": "@activity('Parameters').Output.firstRow.Parameters.WRAPPER_PROGRAM",
										"type": "Expression"
									},
									"Rejected_Records_path": {
										"value": "@activity('Parameters').Output.firstRow.Parameters.Rejected_Records_path",
										"type": "Expression"
									},
									"Operational_Metadata_Path": {
										"value": "@activity('Parameters').Output.firstRow.Parameters.Operational_Metadata_Path",
										"type": "Expression"
									},
									"Indicator_File_Path": {
										"value": "@activity('Parameters').Output.firstRow.Parameters.Indicator_File_Path",
										"type": "Expression"
									},
									"Precapture_Run": {
										"value": "@pipeline().parameters.Precapture_Run",
										"type": "Expression"
									}
								}
							}
						}
					]
				}
			},
			{
				"name": "Parameters",
				"type": "Lookup",
				"dependsOn": [],
				"policy": {
					"timeout": "7.00:00:00",
					"retry": 0,
					"retryIntervalInSeconds": 30,
					"secureOutput": false,
					"secureInput": false
				},
				"userProperties": [],
				"typeProperties": {
					"source": {
						"type": "JsonSource",
						"storeSettings": {
							"type": "AzureBlobStorageReadSettings",
							"recursive": true
						},
						"formatSettings": {
							"type": "JsonReadSettings"
						}
					},
					"dataset": {
						"referenceName": "ds_crewpay_blob_parameter_json",
						"type": "DatasetReference",
						"parameters": {
							"file_name": {
								"value": "@pipeline().parameters.Parameter_File_Name",
								"type": "Expression"
							}
						}
					}
				}
			},
			{
				"name": "Final_Notification",
				"type": "DatabricksNotebook",
				"dependsOn": [
					{
						"activity": "If Precapture",
						"dependencyConditions": [
							"Succeeded"
						]
					}
				],
				"policy": {
					"timeout": "7.00:00:00",
					"retry": 0,
					"retryIntervalInSeconds": 30,
					"secureOutput": false,
					"secureInput": false
				},
				"userProperties": [],
				"typeProperties": {
					"notebookPath": {
						"value": "@activity('Parameters').Output.firstRow.Parameters.WRAPPER_PROGRAM",
						"type": "Expression"
					},
					"baseParameters": {
						"sender_email": {
							"value": "@activity('Parameters').Output.firstRow.Parameters.From_Email",
							"type": "Expression"
						},
						"receiver_emails": {
							"value": "@activity('Parameters').Output.firstRow.Parameters.To_Email",
							"type": "Expression"
						},
						"notebook_path": {
							"value": "@activity('Parameters').Output.firstRow.Parameters.Final_Notification",
							"type": "Expression"
						}
					}
				},
				"linkedServiceName": {
					"referenceName": "ls_crewpay_adb_temp",
					"type": "LinkedServiceReference",
					"parameters": {
						"WorkspaceURL": {
							"value": "@activity('Parameters').Output.firstRow.Parameters.WorkspaceURL",
							"type": "Expression"
						},
						"Secret_Name": {
							"value": "@activity('Parameters').Output.firstRow.Parameters.Secret_Name",
							"type": "Expression"
						},
						"ClusterID": {
							"value": "@activity('Parameters').Output.firstRow.Parameters.ClusterID",
							"type": "Expression"
						}
					}
				}
			},
			{
				"name": "Purging",
				"type": "ExecutePipeline",
				"dependsOn": [
					{
						"activity": "Final_Notification",
						"dependencyConditions": [
							"Succeeded"
						]
					}
				],
				"policy": {
					"secureInput": false
				},
				"userProperties": [],
				"typeProperties": {
					"pipeline": {
						"referenceName": "Purging_Archive",
						"type": "PipelineReference"
					},
					"waitOnCompletion": true
				}
			}
		],
		"parameters": {
			"Precapture_Run": {
				"type": "string"
			},
			"Parameter_File_Name": {
				"type": "string",
				"defaultValue": "Parameters.json"
			}
		},
		"folder": {
			"name": "Test"
		},
		"annotations": [],
		"lastPublishTime": "2020-10-08T05:54:54Z"
	},
	"type": "Microsoft.DataFactory/factories/pipelines"
}