{
	"name": "pl_cp_files_gen2",
	"properties": {
		"activities": [
			{
				"name": "Copy",
				"type": "Copy",
				"dependsOn": [],
				"policy": {
					"timeout": "7.00:00:00",
					"retry": 0,
					"retryIntervalInSeconds": 30,
					"secureOutput": false,
					"secureInput": false
				},
				"userProperties": [],
				"typeProperties": {
					"source": {
						"type": "JsonSource",
						"storeSettings": {
							"type": "AzureBlobFSReadSettings",
							"recursive": true,
							"enablePartitionDiscovery": false
						},
						"formatSettings": {
							"type": "JsonReadSettings"
						}
					},
					"sink": {
						"type": "JsonSink",
						"storeSettings": {
							"type": "AzureBlobFSWriteSettings"
						},
						"formatSettings": {
							"type": "JsonWriteSettings"
						}
					},
					"enableStaging": false
				},
				"inputs": [
					{
						"referenceName": "ds_common_gen2_cp_files",
						"type": "DatasetReference",
						"parameters": {
							"FolderPath": {
								"value": "@pipeline().parameters.FolderPath_Source",
								"type": "Expression"
							},
							"File": {
								"value": "@pipeline().parameters.FileName",
								"type": "Expression"
							}
						}
					}
				],
				"outputs": [
					{
						"referenceName": "ds_common_gen2_cp_files",
						"type": "DatasetReference",
						"parameters": {
							"FolderPath": {
								"value": "@pipeline().parameters.FolderPath_Sink",
								"type": "Expression"
							},
							"File": {
								"value": "@pipeline().parameters.FileName",
								"type": "Expression"
							}
						}
					}
				]
			}
		],
		"parameters": {
			"FolderPath_Source": {
				"type": "string"
			},
			"FileName": {
				"type": "string"
			},
			"FolderPath_Sink": {
				"type": "string"
			}
		},
		"folder": {
			"name": "Crewpay"
		},
		"annotations": []
	}
}