{
	"name": "pl_crewpay_ldacp",
	"properties": {
		"activities": [
			{
				"name": "Get Filenames",
				"type": "GetMetadata",
				"dependsOn": [],
				"policy": {
					"timeout": "7.00:00:00",
					"retry": 0,
					"retryIntervalInSeconds": 30,
					"secureOutput": false,
					"secureInput": false
				},
				"userProperties": [],
				"typeProperties": {
					"dataset": {
						"referenceName": "ds_crewpay",
						"type": "DatasetReference",
						"parameters": {
							"path": "raw-pii"
						}
					},
					"fieldList": [
						"childItems"
					],
					"storeSettings": {
						"type": "AzureBlobFSReadSettings",
						"recursive": true
					},
					"formatSettings": {
						"type": "JsonReadSettings"
					}
				}
			},
			{
				"name": "ForEach_Series",
				"type": "ForEach",
				"dependsOn": [
					{
						"activity": "LDAPC",
						"dependencyConditions": [
							"Succeeded"
						]
					}
				],
				"userProperties": [],
				"typeProperties": {
					"items": {
						"value": "@activity('LDAPC').output.value",
						"type": "Expression"
					},
					"isSequential": true,
					"activities": [
						{
							"name": "If Condition1",
							"type": "IfCondition",
							"dependsOn": [],
							"userProperties": [],
							"typeProperties": {
								"expression": {
									"value": "@if(equals(item().name,'LDA'),'true','false')",
									"type": "Expression"
								},
								"ifFalseActivities": [
									{
										"name": "Get Filenames_LDPC",
										"type": "GetMetadata",
										"dependsOn": [],
										"policy": {
											"timeout": "7.00:00:00",
											"retry": 0,
											"retryIntervalInSeconds": 30,
											"secureOutput": false,
											"secureInput": false
										},
										"userProperties": [],
										"typeProperties": {
											"dataset": {
												"referenceName": "ds_crewpay",
												"type": "DatasetReference",
												"parameters": {
													"path": {
														"value": "@concat('raw-pii','/',item().name)",
														"type": "Expression"
													}
												}
											},
											"fieldList": [
												"childItems"
											],
											"storeSettings": {
												"type": "AzureBlobFSReadSettings",
												"recursive": true
											},
											"formatSettings": {
												"type": "JsonReadSettings"
											}
										}
									},
									{
										"name": "Get_FileName_LDPC",
										"type": "Filter",
										"dependsOn": [
											{
												"activity": "Get Filenames_LDPC",
												"dependencyConditions": [
													"Succeeded"
												]
											}
										],
										"userProperties": [],
										"typeProperties": {
											"items": {
												"value": "@activity('Get Filenames_LDPC').output.childItems",
												"type": "Expression"
											},
											"condition": {
												"value": "@contains(item().name,'AALD')",
												"type": "Expression"
											}
										}
									},
									{
										"name": "filename_LDPC",
										"type": "SetVariable",
										"dependsOn": [
											{
												"activity": "Get_FileName_LDPC",
												"dependencyConditions": [
													"Succeeded"
												]
											}
										],
										"policy": {
											"secureOutput": false,
											"secureInput": false
										},
										"userProperties": [],
										"typeProperties": {
											"variableName": "filename",
											"value": {
												"value": "@substring(string(activity('Get_FileName_LDPC').output.value),10,25)",
												"type": "Expression"
											}
										}
									},
									{
										"name": "Count_Validation_LDPC",
										"type": "DatabricksNotebook",
										"dependsOn": [
											{
												"activity": "filename_LDPC",
												"dependencyConditions": [
													"Succeeded"
												]
											}
										],
										"policy": {
											"timeout": "7.00:00:00",
											"retry": 3,
											"retryIntervalInSeconds": 300,
											"secureOutput": false,
											"secureInput": false
										},
										"userProperties": [],
										"typeProperties": {
											"notebookPath": {
												"value": "@pipeline().parameters.Count_Validation",
												"type": "Expression"
											},
											"baseParameters": {
												"Json_Input": {
													"value": "@concat(pipeline().parameters.LDACP_Input_path,'/',item().name,'/')",
													"type": "Expression"
												},
												"Adf_Name": {
													"value": "@pipeline().parameters.Adf_Name",
													"type": "Expression"
												},
												"Pipeline_Name": {
													"value": "@pipeline().parameters.Pipeline_Name",
													"type": "Expression"
												},
												"To_Email": {
													"value": "@pipeline().parameters.receiver_email",
													"type": "Expression"
												},
												"From_Email": {
													"value": "@pipeline().parameters.sender_email",
													"type": "Expression"
												},
												"Crewpay_Run": {
													"value": "@pipeline().parameters.Lseries",
													"type": "Expression"
												},
												"clinet_id": {
													"value": "@pipeline().parameters.clinet_id",
													"type": "Expression"
												},
												"app_tenant_id": {
													"value": "@pipeline().parameters.app_tenant_id",
													"type": "Expression"
												},
												"resource_id": {
													"value": "@pipeline().parameters.resource_id",
													"type": "Expression"
												},
												"secret_scope": {
													"value": "@pipeline().parameters.secret_scope",
													"type": "Expression"
												},
												"app_key": {
													"value": "@pipeline().parameters.app_key",
													"type": "Expression"
												}
											}
										},
										"linkedServiceName": {
											"referenceName": "ls_crewpay_adb_temp",
											"type": "LinkedServiceReference",
											"parameters": {
												"WorkspaceURL": {
													"value": "@pipeline().parameters.WorkspaceURL",
													"type": "Expression"
												},
												"Secret_Name": {
													"value": "@pipeline().parameters.Secret_Name",
													"type": "Expression"
												},
												"ClusterID": {
													"value": "@pipeline().parameters.ClusterID",
													"type": "Expression"
												},
												"KeyVaultDNSName": {
													"value": "@pipeline().parameters.KeyVaultDNSName",
													"type": "Expression"
												},
												"ADB_ENV": {
													"value": "@pipeline().parameters.ADB_ENV",
													"type": "Expression"
												},
												"policyId": {
													"value": "@pipeline().parameters.policyId",
													"type": "Expression"
												},
												"newClusterVersion": {
													"value": "@pipeline().parameters.newClusterVersion",
													"type": "Expression"
												}
											}
										}
									},
									{
										"name": "CrewPay_CRP052_LDPC",
										"type": "DatabricksNotebook",
										"dependsOn": [
											{
												"activity": "Count_Validation_LDPC",
												"dependencyConditions": [
													"Succeeded"
												]
											}
										],
										"policy": {
											"timeout": "7.00:00:00",
											"retry": 0,
											"retryIntervalInSeconds": 30,
											"secureOutput": false,
											"secureInput": false
										},
										"userProperties": [],
										"typeProperties": {
											"notebookPath": {
												"value": "@pipeline().parameters.WRAPPER_PROGRAM",
												"type": "Expression"
											},
											"baseParameters": {
												"Input_File": {
													"value": "@concat(pipeline().parameters.LDACP_Input_path,'/',item().name,'/')",
													"type": "Expression"
												},
												"Output_File_Report": {
													"value": "@concat(pipeline().parameters.LDACP_Output_File_Report,'/','Reports','/',substring(variables('filename'),0,5),'/')",
													"type": "Expression"
												},
												"STG_Output_File_Report": {
													"value": "@concat(pipeline().parameters.STG_Output_File_Report,'/','STG_',substring(variables('filename'),0,5),'/')",
													"type": "Expression"
												},
												"receiver_emails": {
													"value": "@pipeline().parameters.receiver_email",
													"type": "Expression"
												},
												"sender_email": {
													"value": "@pipeline().parameters.sender_email",
													"type": "Expression"
												},
												"notebook_path": {
													"value": "@pipeline().parameters.LDACP_CRP052_Path",
													"type": "Expression"
												},
												"Rejected_Records_path": {
													"value": "@pipeline().parameters.Rejected_Records_path",
													"type": "Expression"
												},
												"Operational_Metadata_Path": {
													"value": "@pipeline().parameters.Operational_Metadata_Path",
													"type": "Expression"
												},
												"Input_File_Name": {
													"value": "@variables('filename')",
													"type": "Expression"
												},
												"Indicator_File_Path": {
													"value": "@pipeline().parameters.Indicator_File_Path",
													"type": "Expression"
												},
												"LOAD_TYPE": {
													"value": "@pipeline().parameters.LOAD_TYPE",
													"type": "Expression"
												},
												"Crewpay_Run": {
													"value": "@pipeline().parameters.Lseries",
													"type": "Expression"
												},
												"Pipeline_Name": {
													"value": "@pipeline().Pipeline",
													"type": "Expression"
												},
												"Adf_Name": {
													"value": "@pipeline().DataFactory",
													"type": "Expression"
												},
												"clinet_id": {
													"value": "@pipeline().parameters.clinet_id",
													"type": "Expression"
												},
												"app_tenant_id": {
													"value": "@pipeline().parameters.app_tenant_id",
													"type": "Expression"
												},
												"resource_id": {
													"value": "@pipeline().parameters.resource_id",
													"type": "Expression"
												},
												"secret_scope": {
													"value": "@pipeline().parameters.secret_scope",
													"type": "Expression"
												},
												"app_key": {
													"value": "@pipeline().parameters.app_key",
													"type": "Expression"
												}
											}
										},
										"linkedServiceName": {
											"referenceName": "ls_crewpay_adb_temp",
											"type": "LinkedServiceReference",
											"parameters": {
												"WorkspaceURL": {
													"value": "@pipeline().parameters.WorkspaceURL",
													"type": "Expression"
												},
												"Secret_Name": {
													"value": "@pipeline().parameters.Secret_Name",
													"type": "Expression"
												},
												"ClusterID": {
													"value": "@pipeline().parameters.ClusterID",
													"type": "Expression"
												},
												"KeyVaultDNSName": {
													"value": "@pipeline().parameters.KeyVaultDNSName",
													"type": "Expression"
												},
												"ADB_ENV": {
													"value": "@pipeline().parameters.ADB_ENV",
													"type": "Expression"
												},
												"policyId": {
													"value": "@pipeline().parameters.policyId",
													"type": "Expression"
												},
												"newClusterVersion": {
													"value": "@pipeline().parameters.newClusterVersion",
													"type": "Expression"
												}
											}
										}
									},
									{
										"name": "CrewPay_CRP052_WEB_REPORT",
										"type": "DatabricksNotebook",
										"dependsOn": [
											{
												"activity": "runOutput_Prep_file",
												"dependencyConditions": [
													"Succeeded"
												]
											}
										],
										"policy": {
											"timeout": "7.00:00:00",
											"retry": 0,
											"retryIntervalInSeconds": 30,
											"secureOutput": false,
											"secureInput": false
										},
										"userProperties": [],
										"typeProperties": {
											"notebookPath": {
												"value": "@pipeline().parameters.WRAPPER_PROGRAM",
												"type": "Expression"
											},
											"baseParameters": {
												"Input_File": {
													"value": "@variables('Prep_File')",
													"type": "Expression"
												},
												"Output_File_Report": {
													"value": "@concat(pipeline().parameters.LDACP_Output_File_Report,'/','Reports','/','WEB_REPORT_',substring(variables('filename'),0,5),'/')",
													"type": "Expression"
												},
												"STG_Output_File_Report": {
													"value": "@concat(pipeline().parameters.STG_Output_File_Report,'/','STG_WEB_',substring(variables('filename'),0,5),'/')",
													"type": "Expression"
												},
												"receiver_emails": {
													"value": "@pipeline().parameters.receiver_email",
													"type": "Expression"
												},
												"sender_email": {
													"value": "@pipeline().parameters.sender_email",
													"type": "Expression"
												},
												"notebook_path": {
													"value": "@if(equals(pipeline().parameters.Lseries,'LDC'),pipeline().parameters.DB_CRP_LDC_WEB_REPORT,pipeline().parameters.DB_CRP_LDP_WEB_REPORT)",
													"type": "Expression"
												},
												"Operational_Metadata_Path": {
													"value": "@pipeline().parameters.Operational_Metadata_Path",
													"type": "Expression"
												},
												"Indicator_File_Path": {
													"value": "@pipeline().parameters.Indicator_File_Path",
													"type": "Expression"
												},
												"Crewpay_Run": {
													"value": "@pipeline().parameters.Lseries",
													"type": "Expression"
												},
												"Pipeline_Name": {
													"value": "@pipeline().Pipeline",
													"type": "Expression"
												},
												"Adf_Name": {
													"value": "@pipeline().DataFactory",
													"type": "Expression"
												},
												"clinet_id": {
													"value": "@pipeline().parameters.clinet_id",
													"type": "Expression"
												},
												"app_tenant_id": {
													"value": "@pipeline().parameters.app_tenant_id",
													"type": "Expression"
												},
												"resource_id": {
													"value": "@pipeline().parameters.resource_id",
													"type": "Expression"
												},
												"secret_scope": {
													"value": "@pipeline().parameters.secret_scope",
													"type": "Expression"
												},
												"app_key": {
													"value": "@pipeline().parameters.app_key",
													"type": "Expression"
												}
											}
										},
										"linkedServiceName": {
											"referenceName": "ls_crewpay_adb_temp",
											"type": "LinkedServiceReference",
											"parameters": {
												"WorkspaceURL": {
													"value": "@pipeline().parameters.WorkspaceURL",
													"type": "Expression"
												},
												"Secret_Name": {
													"value": "@pipeline().parameters.Secret_Name",
													"type": "Expression"
												},
												"ClusterID": {
													"value": "@pipeline().parameters.ClusterID",
													"type": "Expression"
												},
												"KeyVaultDNSName": {
													"value": "@pipeline().parameters.KeyVaultDNSName",
													"type": "Expression"
												},
												"ADB_ENV": {
													"value": "@pipeline().parameters.ADB_ENV",
													"type": "Expression"
												},
												"policyId": {
													"value": "@pipeline().parameters.policyId",
													"type": "Expression"
												},
												"newClusterVersion": {
													"value": "@pipeline().parameters.newClusterVersion",
													"type": "Expression"
												}
											}
										}
									},
									{
										"name": "runOutput_Prep_file",
										"type": "SetVariable",
										"dependsOn": [
											{
												"activity": "CrewPay_CRP052_LDPC",
												"dependencyConditions": [
													"Succeeded"
												]
											}
										],
										"policy": {
											"secureOutput": false,
											"secureInput": false
										},
										"userProperties": [],
										"typeProperties": {
											"variableName": "Prep_File",
											"value": {
												"value": "@activity('CrewPay_CRP052_LDPC').output.runOutput",
												"type": "Expression"
											}
										}
									}
								],
								"ifTrueActivities": [
									{
										"name": "Get Filenames_LDA",
										"type": "GetMetadata",
										"dependsOn": [],
										"policy": {
											"timeout": "7.00:00:00",
											"retry": 0,
											"retryIntervalInSeconds": 30,
											"secureOutput": false,
											"secureInput": false
										},
										"userProperties": [],
										"typeProperties": {
											"dataset": {
												"referenceName": "ds_crewpay",
												"type": "DatasetReference",
												"parameters": {
													"path": {
														"value": "@concat('raw-pii','/',item().name)",
														"type": "Expression"
													}
												}
											},
											"fieldList": [
												"childItems"
											],
											"storeSettings": {
												"type": "AzureBlobFSReadSettings",
												"recursive": true
											},
											"formatSettings": {
												"type": "JsonReadSettings"
											}
										}
									},
									{
										"name": "Get_FileName_LDA",
										"type": "Filter",
										"dependsOn": [
											{
												"activity": "Get Filenames_LDA",
												"dependencyConditions": [
													"Succeeded"
												]
											}
										],
										"userProperties": [],
										"typeProperties": {
											"items": {
												"value": "@activity('Get Filenames_LDA').output.childItems",
												"type": "Expression"
											},
											"condition": {
												"value": "@contains(item().name,'AALD')",
												"type": "Expression"
											}
										}
									},
									{
										"name": "filename",
										"type": "SetVariable",
										"dependsOn": [
											{
												"activity": "Get_FileName_LDA",
												"dependencyConditions": [
													"Succeeded"
												]
											}
										],
										"policy": {
											"secureOutput": false,
											"secureInput": false
										},
										"userProperties": [],
										"typeProperties": {
											"variableName": "filename",
											"value": {
												"value": "@substring(string(activity('Get_FileName_LDA').output.value),10,25)",
												"type": "Expression"
											}
										}
									},
									{
										"name": "Count_Validation_LDA",
										"type": "DatabricksNotebook",
										"dependsOn": [
											{
												"activity": "filename",
												"dependencyConditions": [
													"Succeeded"
												]
											}
										],
										"policy": {
											"timeout": "7.00:00:00",
											"retry": 3,
											"retryIntervalInSeconds": 300,
											"secureOutput": false,
											"secureInput": false
										},
										"userProperties": [],
										"typeProperties": {
											"notebookPath": {
												"value": "@pipeline().parameters.Count_Validation",
												"type": "Expression"
											},
											"baseParameters": {
												"Json_Input": {
													"value": "@concat(pipeline().parameters.LDACP_Input_path,'/',item().name,'/')",
													"type": "Expression"
												},
												"Adf_Name": {
													"value": "@pipeline().parameters.Adf_Name",
													"type": "Expression"
												},
												"Pipeline_Name": {
													"value": "@pipeline().parameters.Pipeline_Name",
													"type": "Expression"
												},
												"To_Email": {
													"value": "@pipeline().parameters.receiver_email",
													"type": "Expression"
												},
												"From_Email": {
													"value": "@pipeline().parameters.sender_email",
													"type": "Expression"
												},
												"Crewpay_Run": {
													"value": "@pipeline().parameters.Lseries",
													"type": "Expression"
												},
												"clinet_id": {
													"value": "@pipeline().parameters.clinet_id",
													"type": "Expression"
												},
												"app_tenant_id": {
													"value": "@pipeline().parameters.app_tenant_id",
													"type": "Expression"
												},
												"resource_id": {
													"value": "@pipeline().parameters.resource_id",
													"type": "Expression"
												},
												"secret_scope": {
													"value": "@pipeline().parameters.secret_scope",
													"type": "Expression"
												},
												"app_key": {
													"value": "@pipeline().parameters.app_key",
													"type": "Expression"
												}
											}
										},
										"linkedServiceName": {
											"referenceName": "ls_crewpay_adb_temp",
											"type": "LinkedServiceReference",
											"parameters": {
												"WorkspaceURL": {
													"value": "@pipeline().parameters.WorkspaceURL",
													"type": "Expression"
												},
												"Secret_Name": {
													"value": "@pipeline().parameters.Secret_Name",
													"type": "Expression"
												},
												"ClusterID": {
													"value": "@pipeline().parameters.ClusterID",
													"type": "Expression"
												},
												"KeyVaultDNSName": {
													"value": "@pipeline().parameters.KeyVaultDNSName",
													"type": "Expression"
												},
												"ADB_ENV": {
													"value": "@pipeline().parameters.ADB_ENV\n",
													"type": "Expression"
												},
												"policyId": {
													"value": "@pipeline().parameters.policyId\n",
													"type": "Expression"
												},
												"newClusterVersion": {
													"value": "@pipeline().parameters.newClusterVersion\n",
													"type": "Expression"
												}
											}
										}
									},
									{
										"name": "CrewPay_CRP098_LDA",
										"type": "DatabricksNotebook",
										"dependsOn": [
											{
												"activity": "Count_Validation_LDA",
												"dependencyConditions": [
													"Succeeded"
												]
											}
										],
										"policy": {
											"timeout": "7.00:00:00",
											"retry": 0,
											"retryIntervalInSeconds": 30,
											"secureOutput": false,
											"secureInput": false
										},
										"userProperties": [],
										"typeProperties": {
											"notebookPath": {
												"value": "@pipeline().parameters.WRAPPER_PROGRAM",
												"type": "Expression"
											},
											"baseParameters": {
												"Input_File": {
													"value": "@concat(pipeline().parameters.LDACP_Input_path,'/',item().name,'/')",
													"type": "Expression"
												},
												"Output_File_Report": {
													"value": "@concat(pipeline().parameters.LDACP_Output_File_Report,'/','Reports','/',substring(variables('filename'),0,5),'/')",
													"type": "Expression"
												},
												"STG_Output_File_Report": {
													"value": "@concat(pipeline().parameters.STG_Output_File_Report,'/','STG_',substring(variables('filename'),0,5),'/')",
													"type": "Expression"
												},
												"receiver_emails": {
													"value": "@pipeline().parameters.receiver_email",
													"type": "Expression"
												},
												"sender_email": {
													"value": "@pipeline().parameters.sender_email",
													"type": "Expression"
												},
												"notebook_path": {
													"value": "@pipeline().parameters.LDACP_CRP098_Path",
													"type": "Expression"
												},
												"Rejected_Records_path": {
													"value": "@pipeline().parameters.Rejected_Records_path",
													"type": "Expression"
												},
												"Operational_Metadata_Path": {
													"value": "@pipeline().parameters.Operational_Metadata_Path",
													"type": "Expression"
												},
												"Input_File_Name": {
													"value": "@variables('filename')",
													"type": "Expression"
												},
												"Indicator_File_Path": {
													"value": "@pipeline().parameters.Indicator_File_Path",
													"type": "Expression"
												},
												"LOAD_TYPE": {
													"value": "@pipeline().parameters.LOAD_TYPE",
													"type": "Expression"
												},
												"Crewpay_Run": {
													"value": "@pipeline().parameters.Lseries",
													"type": "Expression"
												},
												"Pipeline_Name": {
													"value": "@pipeline().Pipeline",
													"type": "Expression"
												},
												"Adf_Name": {
													"value": "@pipeline().DataFactory",
													"type": "Expression"
												},
												"clinet_id": {
													"value": "@pipeline().parameters.clinet_id",
													"type": "Expression"
												},
												"app_tenant_id": {
													"value": "@pipeline().parameters.app_tenant_id",
													"type": "Expression"
												},
												"resource_id": {
													"value": "@pipeline().parameters.resource_id",
													"type": "Expression"
												},
												"secret_scope": {
													"value": "@pipeline().parameters.secret_scope",
													"type": "Expression"
												},
												"app_key": {
													"value": "@pipeline().parameters.app_key",
													"type": "Expression"
												}
											}
										},
										"linkedServiceName": {
											"referenceName": "ls_crewpay_adb_temp",
											"type": "LinkedServiceReference",
											"parameters": {
												"WorkspaceURL": {
													"value": "@pipeline().parameters.WorkspaceURL",
													"type": "Expression"
												},
												"Secret_Name": {
													"value": "@pipeline().parameters.Secret_Name",
													"type": "Expression"
												},
												"ClusterID": {
													"value": "@pipeline().parameters.ClusterID",
													"type": "Expression"
												},
												"KeyVaultDNSName": {
													"value": "@pipeline().parameters.KeyVaultDNSName",
													"type": "Expression"
												},
												"ADB_ENV": {
													"value": "@pipeline().parameters.ADB_ENV",
													"type": "Expression"
												},
												"policyId": {
													"value": "@pipeline().parameters.policyId",
													"type": "Expression"
												},
												"newClusterVersion": {
													"value": "@pipeline().parameters.newClusterVersion",
													"type": "Expression"
												}
											}
										}
									}
								]
							}
						}
					]
				}
			},
			{
				"name": "LDAPC",
				"type": "Filter",
				"dependsOn": [
					{
						"activity": "Get Filenames",
						"dependencyConditions": [
							"Succeeded"
						]
					}
				],
				"userProperties": [],
				"typeProperties": {
					"items": {
						"value": "@activity('Get Filenames').output.childItems",
						"type": "Expression"
					},
					"condition": {
						"value": "@contains(item().name,pipeline().parameters.Lseries)",
						"type": "Expression"
					}
				}
			},
			{
				"name": "ForEach2",
				"type": "ForEach",
				"dependsOn": [
					{
						"activity": "ForEach_Series",
						"dependencyConditions": [
							"Succeeded"
						]
					}
				],
				"userProperties": [],
				"typeProperties": {
					"items": {
						"value": "@activity('LDAPC').output.value",
						"type": "Expression"
					},
					"isSequential": true,
					"activities": [
						{
							"name": "Raw_Archive_zone",
							"type": "Copy",
							"dependsOn": [
								{
									"activity": "filename_archive",
									"dependencyConditions": [
										"Succeeded"
									]
								}
							],
							"policy": {
								"timeout": "7.00:00:00",
								"retry": 0,
								"retryIntervalInSeconds": 30,
								"secureOutput": false,
								"secureInput": false
							},
							"userProperties": [],
							"typeProperties": {
								"source": {
									"type": "JsonSource",
									"storeSettings": {
										"type": "AzureBlobFSReadSettings",
										"recursive": true,
										"wildcardFileName": "*.json",
										"enablePartitionDiscovery": false
									},
									"formatSettings": {
										"type": "JsonReadSettings"
									}
								},
								"sink": {
									"type": "JsonSink",
									"storeSettings": {
										"type": "AzureBlobFSWriteSettings"
									},
									"formatSettings": {
										"type": "JsonWriteSettings"
									}
								},
								"enableStaging": false
							},
							"inputs": [
								{
									"referenceName": "ds_crewpay",
									"type": "DatasetReference",
									"parameters": {
										"path": {
											"value": "@concat('raw-pii/',item().name)",
											"type": "Expression"
										}
									}
								}
							],
							"outputs": [
								{
									"referenceName": "ds_crewpay",
									"type": "DatasetReference",
									"parameters": {
										"path": {
											"value": "@concat('his-converted-archive/',variables('filename_archive'))",
											"type": "Expression"
										}
									}
								}
							]
						},
						{
							"name": "Delete",
							"type": "Delete",
							"dependsOn": [
								{
									"activity": "Raw_Archive_zone",
									"dependencyConditions": [
										"Succeeded"
									]
								}
							],
							"policy": {
								"timeout": "7.00:00:00",
								"retry": 0,
								"retryIntervalInSeconds": 30,
								"secureOutput": false,
								"secureInput": false
							},
							"userProperties": [],
							"typeProperties": {
								"dataset": {
									"referenceName": "ds_crewpay",
									"type": "DatasetReference",
									"parameters": {
										"path": {
											"value": "@concat('raw-pii','/',item().name)",
											"type": "Expression"
										}
									}
								},
								"logStorageSettings": {
									"linkedServiceName": {
										"referenceName": "ls_crewpay_adls",
										"type": "LinkedServiceReference"
									},
									"path": "crpay-pii/log's"
								},
								"enableLogging": true,
								"storeSettings": {
									"type": "AzureBlobFSReadSettings",
									"recursive": true,
									"wildcardFileName": "*",
									"enablePartitionDiscovery": false
								}
							}
						},
						{
							"name": "Get Filenames_LDACP_archive",
							"type": "GetMetadata",
							"dependsOn": [],
							"policy": {
								"timeout": "7.00:00:00",
								"retry": 0,
								"retryIntervalInSeconds": 30,
								"secureOutput": false,
								"secureInput": false
							},
							"userProperties": [],
							"typeProperties": {
								"dataset": {
									"referenceName": "ds_crewpay",
									"type": "DatasetReference",
									"parameters": {
										"path": {
											"value": "@concat('raw-pii','/',item().name)",
											"type": "Expression"
										}
									}
								},
								"fieldList": [
									"childItems"
								],
								"storeSettings": {
									"type": "AzureBlobFSReadSettings",
									"recursive": true
								},
								"formatSettings": {
									"type": "JsonReadSettings"
								}
							}
						},
						{
							"name": "Get_FileName_archive",
							"type": "Filter",
							"dependsOn": [
								{
									"activity": "Get Filenames_LDACP_archive",
									"dependencyConditions": [
										"Succeeded"
									]
								}
							],
							"userProperties": [],
							"typeProperties": {
								"items": {
									"value": "@activity('Get Filenames_LDACP_archive').output.childItems",
									"type": "Expression"
								},
								"condition": {
									"value": "@contains(item().name,'AALD')",
									"type": "Expression"
								}
							}
						},
						{
							"name": "filename_archive",
							"type": "SetVariable",
							"dependsOn": [
								{
									"activity": "Get_FileName_archive",
									"dependencyConditions": [
										"Succeeded"
									]
								}
							],
							"policy": {
								"secureOutput": false,
								"secureInput": false
							},
							"userProperties": [],
							"typeProperties": {
								"variableName": "filename_archive",
								"value": {
									"value": "@substring(string(activity('Get_FileName_archive').output.value),10,25)",
									"type": "Expression"
								}
							}
						}
					]
				}
			}
		],
		"parameters": {
			"LDACP_Output_File_Report": {
				"type": "string"
			},
			"LDACP_Input_path": {
				"type": "string"
			},
			"LDACP_CRP052_Path": {
				"type": "string"
			},
			"WorkspaceURL": {
				"type": "string"
			},
			"ClusterID": {
				"type": "string"
			},
			"Secret_Name": {
				"type": "string"
			},
			"Count_Validation": {
				"type": "string"
			},
			"Adf_Name": {
				"type": "string"
			},
			"Pipeline_Name": {
				"type": "string"
			},
			"sender_email": {
				"type": "string"
			},
			"receiver_email": {
				"type": "string"
			},
			"WRAPPER_PROGRAM": {
				"type": "string"
			},
			"Rejected_Records_path": {
				"type": "string"
			},
			"Operational_Metadata_Path": {
				"type": "string"
			},
			"Input_File_Name": {
				"type": "string"
			},
			"Indicator_File_Path": {
				"type": "string"
			},
			"LOAD_TYPE": {
				"type": "string"
			},
			"Lseries": {
				"type": "string"
			},
			"LDACP_CRP098_Path": {
				"type": "string"
			},
			"STG_Output_File_Report": {
				"type": "string"
			},
			"DB_CRP_LDC_WEB_REPORT": {
				"type": "string"
			},
			"DB_CRP_LDP_WEB_REPORT": {
				"type": "string"
			},
			"clinet_id": {
				"type": "string"
			},
			"app_tenant_id": {
				"type": "string"
			},
			"resource_id": {
				"type": "string"
			},
			"secret_scope": {
				"type": "string"
			},
			"app_key": {
				"type": "string"
			},
			"KeyVaultDNSName": {
				"type": "string"
			},
			"ADB_ENV": {
				"type": "string"
			},
			"policyId": {
				"type": "string"
			},
			"newClusterVersion": {
				"type": "string"
			}
		},
		"variables": {
			"filename": {
				"type": "String"
			},
			"filename_archive": {
				"type": "String"
			},
			"Prep_File": {
				"type": "String"
			}
		},
		"folder": {
			"name": "L_series"
		},
		"annotations": []
	}
}