{
	"name": "pl_crewpay_ldacp_vd_hist_mater_copy1",
	"properties": {
		"activities": [
			{
				"name": "Parameters",
				"type": "Lookup",
				"dependsOn": [],
				"policy": {
					"timeout": "7.00:00:00",
					"retry": 0,
					"retryIntervalInSeconds": 30,
					"secureOutput": false,
					"secureInput": false
				},
				"userProperties": [],
				"typeProperties": {
					"source": {
						"type": "JsonSource",
						"storeSettings": {
							"type": "AzureBlobStorageReadSettings",
							"recursive": true
						},
						"formatSettings": {
							"type": "JsonReadSettings"
						}
					},
					"dataset": {
						"referenceName": "ds_crewpay_blob_parameter_json",
						"type": "DatasetReference",
						"parameters": {
							"file_name": {
								"value": "@pipeline().parameters.Parameter_File_Name",
								"type": "Expression"
							}
						}
					}
				}
			},
			{
				"name": "Execute Pipeline",
				"type": "ExecutePipeline",
				"dependsOn": [
					{
						"activity": "Parameters",
						"dependencyConditions": [
							"Succeeded"
						]
					}
				],
				"userProperties": [],
				"typeProperties": {
					"pipeline": {
						"referenceName": "pl_crewpay_ldacp_vd_hist",
						"type": "PipelineReference"
					},
					"waitOnCompletion": true,
					"parameters": {
						"LDACP_Output_File_Report": {
							"value": "@activity('Parameters').Output.firstRow.Parameters.Prep_Output_File_Report",
							"type": "Expression"
						},
						"LDACP_Input_path": {
							"value": "@activity('Parameters').Output.firstRow.Parameters.VD_Raw_Input_Path",
							"type": "Expression"
						},
						"LDACP_LSeries_HistLoad_Path": {
							"value": "@activity('Parameters').Output.firstRow.Parameters.DB_LSeries_HistLoad",
							"type": "Expression"
						},
						"WorkspaceURL": {
							"value": "@activity('Parameters').Output.firstRow.Parameters.WorkspaceURL",
							"type": "Expression"
						},
						"ClusterID": {
							"value": "@activity('Parameters').Output.firstRow.Parameters.ClusterID",
							"type": "Expression"
						},
						"Secret_Name": {
							"value": "@activity('Parameters').Output.firstRow.Parameters.Secret_Name",
							"type": "Expression"
						},
						"Count_Validation": {
							"value": "@activity('Parameters').Output.firstRow.Parameters.Hist_Count_Validation",
							"type": "Expression"
						},
						"Adf_Name": {
							"value": "@pipeline().DataFactory",
							"type": "Expression"
						},
						"Pipeline_Name": {
							"value": "@pipeline().Pipeline",
							"type": "Expression"
						},
						"sender_email": {
							"value": "@activity('Parameters').Output.firstRow.Parameters.From_Email",
							"type": "Expression"
						},
						"receiver_email": {
							"value": "@activity('Parameters').Output.firstRow.Parameters.To_Email",
							"type": "Expression"
						},
						"WRAPPER_PROGRAM": {
							"value": "@activity('Parameters').Output.firstRow.Parameters.WRAPPER_PROGRAM",
							"type": "Expression"
						},
						"Rejected_Records_path": {
							"value": "@activity('Parameters').Output.firstRow.Parameters.Rejected_Records_path",
							"type": "Expression"
						},
						"Operational_Metadata_Path": {
							"value": "@activity('Parameters').Output.firstRow.Parameters.Operational_Metadata_Path",
							"type": "Expression"
						},
						"Input_File_Name": {
							"value": "@pipeline().parameters.Input_File_Name",
							"type": "Expression"
						},
						"Indicator_File_Path": {
							"value": "@activity('Parameters').Output.firstRow.Parameters.Indicator_File_Path",
							"type": "Expression"
						},
						"LOAD_TYPE": {
							"value": "M",
							"type": "Expression"
						},
						"Lseries": {
							"value": "@pipeline().parameters.Crewpay_Run",
							"type": "Expression"
						},
						"LDACP_CRP098_Path": {
							"value": "@activity('Parameters').Output.firstRow.Parameters.DB_CRP098",
							"type": "Expression"
						},
						"STG_Output_File_Report": {
							"value": "@activity('Parameters').Output.firstRow.Parameters.STG_Output_File_Report",
							"type": "Expression"
						},
						"DB_CRP_PATH": {
							"value": "@activity('Parameters').Output.firstRow.Parameters.DB_CRP_PATH",
							"type": "Expression"
						},
						"Data_Output_File_Data": {
							"value": "@activity('Parameters').Output.firstRow.Parameters.Data_Output_File_Data",
							"type": "Expression"
						}
					}
				}
			},
			{
				"name": "PowerBi_Refresh_ldpc",
				"type": "ExecutePipeline",
				"dependsOn": [
					{
						"activity": "Execute Pipeline",
						"dependencyConditions": [
							"Succeeded"
						]
					}
				],
				"userProperties": [],
				"typeProperties": {
					"pipeline": {
						"referenceName": "pl_PBI_dataset_refresh",
						"type": "PipelineReference"
					},
					"waitOnCompletion": true,
					"parameters": {
						"SecretName_TenantId": "TenantId",
						"SecretName_SPClientId": "ClientId",
						"SecretName_SPSecret": {
							"value": "@activity('Parameters').Output.firstRow.Parameters.SecretName_SPSecret",
							"type": "Expression"
						},
						"KeyVaultDNSName": {
							"value": "@activity('Parameters').Output.firstRow.Parameters.KeyVaultDNSName",
							"type": "Expression"
						},
						"workspaceGuid": {
							"value": "@activity('Parameters').Output.firstRow.Parameters.workspaceGuid",
							"type": "Expression"
						},
						"datasetGuid": {
							"value": "@if(equals(pipeline().parameters.Crewpay_Run,'LDP'),activity('Parameters').Output.firstRow.Parameters.datasetGuid_LDP,activity('Parameters').Output.firstRow.Parameters.datasetGuid_LDC)",
							"type": "Expression"
						}
					}
				}
			},
			{
				"name": "Success Email",
				"type": "DatabricksNotebook",
				"dependsOn": [
					{
						"activity": "PowerBi_Refresh_ldpc",
						"dependencyConditions": [
							"Succeeded"
						]
					}
				],
				"policy": {
					"timeout": "7.00:00:00",
					"retry": 0,
					"retryIntervalInSeconds": 30,
					"secureOutput": false,
					"secureInput": false
				},
				"userProperties": [],
				"typeProperties": {
					"notebookPath": {
						"value": "@activity('Parameters').Output.firstRow.Parameters.crpay_Final_Process",
						"type": "Expression"
					},
					"baseParameters": {
						"Adf_Name": {
							"value": "@pipeline().DataFactory",
							"type": "Expression"
						},
						"Pipeline_Name": {
							"value": "@pipeline().Pipeline",
							"type": "Expression"
						},
						"From_Email": {
							"value": "@activity('Parameters').Output.firstRow.Parameters.From_Email",
							"type": "Expression"
						},
						"To_Email": {
							"value": "@activity('Parameters').Output.firstRow.Parameters.To_Email",
							"type": "Expression"
						},
						"Json_Input": {
							"value": "@activity('Parameters').Output.firstRow.Parameters.VD_Raw_Input_Path",
							"type": "Expression"
						},
						"Tape_Name": {
							"value": "@pipeline().parameters.Crewpay_Run",
							"type": "Expression"
						},
						"Indicator_File_Path": {
							"value": "@activity('Parameters').Output.firstRow.Parameters.Indicator_File_Path",
							"type": "Expression"
						},
						"Raw_Archive_Path": {
							"value": "@activity('Parameters').Output.firstRow.Parameters.Raw_Archive_Path",
							"type": "Expression"
						},
						"MOCAM_Path": {
							"value": "@activity('Parameters').Output.firstRow.Parameters.Operational_Metadata_Path",
							"type": "Expression"
						}
					}
				},
				"linkedServiceName": {
					"referenceName": "ls_crewpay_adb_temp",
					"type": "LinkedServiceReference"
				}
			}
		],
		"parameters": {
			"Crewpay_Run": {
				"type": "string"
			},
			"Input_File_Name": {
				"type": "string"
			},
			"Parameter_File_Name": {
				"type": "string",
				"defaultValue": "Parameters.json"
			}
		},
		"folder": {
			"name": "Test"
		},
		"annotations": []
	}
}