{
	"name": "pl_crpay_crp052_LDCP",
	"properties": {
		"activities": [
			{
				"name": "For_each_LDCP",
				"type": "ForEach",
				"dependsOn": [
					{
						"activity": "Filter1",
						"dependencyConditions": [
							"Succeeded"
						]
					}
				],
				"userProperties": [],
				"typeProperties": {
					"items": {
						"value": "@activity('Filter1').output.value",
						"type": "Expression"
					},
					"isSequential": true,
					"activities": [
						{
							"name": "crpay_crp052_LDCP",
							"type": "DatabricksNotebook",
							"dependsOn": [
								{
									"activity": "Count_Validation",
									"dependencyConditions": [
										"Completed"
									]
								}
							],
							"policy": {
								"timeout": "7.00:00:00",
								"retry": 0,
								"retryIntervalInSeconds": 30,
								"secureOutput": false,
								"secureInput": false
							},
							"userProperties": [],
							"typeProperties": {
								"notebookPath": {
									"value": "@pipeline().parameters.WRAPPER_PROGRAM",
									"type": "Expression"
								},
								"baseParameters": {
									"Input_File": {
										"value": "@concat(pipeline().parameters.prog52LDCPA_Input_File,'/',item().name,'/',variables('filename'))",
										"type": "Expression"
									},
									"Output_File_Data": {
										"value": "@concat(pipeline().parameters.prog52_LDCP_Output_File_Data,'/',substring(variables('filename'),0,11))",
										"type": "Expression"
									},
									"Output_File_Report": {
										"value": "@concat(pipeline().parameters.prog52_LDCP_Output_File_Report,'/','Reports','/',substring(variables('filename'),0,11))",
										"type": "Expression"
									},
									"receiver_emails": {
										"value": "@pipeline().parameters.To_Email",
										"type": "Expression"
									},
									"sender_email": {
										"value": "@pipeline().parameters.From_Email",
										"type": "Expression"
									},
									"STG_Output_File_Report": {
										"value": "@concat(pipeline().parameters.LDACP_STG_Output_File_Report,'/',substring(variables('filename'),0,11))",
										"type": "Expression"
									},
									"notebook_path": {
										"value": "@pipeline().parameters.DB_CRP052",
										"type": "Expression"
									},
									"Rejected_Records_path": {
										"value": "@pipeline().parameters.Rejected_Records_path",
										"type": "Expression"
									},
									"Indicator_File_Path": {
										"value": "@pipeline().parameters.Indicator_File_Path",
										"type": "Expression"
									},
									"Operational_Metadata_Path": {
										"value": "@pipeline().parameters.Operational_Metadata_Path",
										"type": "Expression"
									},
									"Input_File_Name": {
										"value": "@variables('filename')",
										"type": "Expression"
									}
								}
							},
							"linkedServiceName": {
								"referenceName": "ls_crewpay_adb_temp",
								"type": "LinkedServiceReference",
								"parameters": {
									"WorkspaceURL": {
										"value": "@pipeline().parameters.WorkspaceURL",
										"type": "Expression"
									},
									"Secret_Name": {
										"value": "@pipeline().parameters.Secret_Name",
										"type": "Expression"
									},
									"ClusterID": {
										"value": "@pipeline().parameters.ClusterID",
										"type": "Expression"
									}
								}
							}
						},
						{
							"name": "Count_Validation",
							"type": "DatabricksNotebook",
							"dependsOn": [
								{
									"activity": "Raw_Counts",
									"dependencyConditions": [
										"Succeeded"
									]
								}
							],
							"policy": {
								"timeout": "7.00:00:00",
								"retry": 0,
								"retryIntervalInSeconds": 30,
								"secureOutput": false,
								"secureInput": false
							},
							"userProperties": [],
							"typeProperties": {
								"notebookPath": {
									"value": "@pipeline().parameters.Count_Validation",
									"type": "Expression"
								},
								"baseParameters": {
									"Json_Input": {
										"value": "@concat(pipeline().parameters.prog52LDCPA_Input_File,'/',item().name,'/',variables('filename'))",
										"type": "Expression"
									},
									"Raw_CSV": {
										"value": "@concat(pipeline().parameters.Raw_CSV,'/',item().name,'/',variables('raw_count_file'))",
										"type": "Expression"
									},
									"Converted_CSV": {
										"value": "@concat(pipeline().parameters.Converted_CSV,'/',item().name,'/',variables('converted_count_file'))",
										"type": "Expression"
									},
									"Adf_Name": {
										"value": "@pipeline().parameters.Adf_Name",
										"type": "Expression"
									},
									"Pipeline_Name": {
										"value": "@pipeline().parameters.Pipeline_Name",
										"type": "Expression"
									},
									"From_Email": {
										"value": "@pipeline().parameters.From_Email",
										"type": "Expression"
									},
									"To_Email": {
										"value": "@pipeline().parameters.To_Email",
										"type": "Expression"
									}
								}
							},
							"linkedServiceName": {
								"referenceName": "ls_crewpay_adb_temp",
								"type": "LinkedServiceReference",
								"parameters": {
									"WorkspaceURL": {
										"value": "@pipeline().parameters.WorkspaceURL",
										"type": "Expression"
									},
									"Secret_Name": {
										"value": "@pipeline().parameters.Secret_Name",
										"type": "Expression"
									},
									"ClusterID": {
										"value": "@pipeline().parameters.ClusterID",
										"type": "Expression"
									}
								}
							}
						},
						{
							"name": "Raw_Counts",
							"type": "SetVariable",
							"dependsOn": [
								{
									"activity": "converted_count",
									"dependencyConditions": [
										"Succeeded"
									]
								}
							],
							"userProperties": [],
							"typeProperties": {
								"variableName": "raw_count_file",
								"value": {
									"value": "@if(contains(item().name,'CREWPAY.LDC'),'LDC_Raw_Counts.csv','LDP_Raw_Counts.csv')",
									"type": "Expression"
								}
							}
						},
						{
							"name": "converted_count",
							"type": "SetVariable",
							"dependsOn": [
								{
									"activity": "filename",
									"dependencyConditions": [
										"Succeeded"
									]
								}
							],
							"userProperties": [],
							"typeProperties": {
								"variableName": "converted_count_file",
								"value": {
									"value": "@if(contains(item().name,'CREWPAY.LDC'),'LDC_Converted_Counts.csv','LDP_Converted_Counts.csv')",
									"type": "Expression"
								}
							}
						},
						{
							"name": "Get Filenames_copy1",
							"type": "GetMetadata",
							"dependsOn": [],
							"policy": {
								"timeout": "7.00:00:00",
								"retry": 0,
								"retryIntervalInSeconds": 30,
								"secureOutput": false,
								"secureInput": false
							},
							"userProperties": [],
							"typeProperties": {
								"dataset": {
									"referenceName": "ds_crewpay",
									"type": "DatasetReference",
									"parameters": {
										"path": {
											"value": "@concat('raw-pii','/',item().name)",
											"type": "Expression"
										}
									}
								},
								"fieldList": [
									"childItems"
								],
								"storeSettings": {
									"type": "AzureBlobFSReadSettings",
									"recursive": true
								},
								"formatSettings": {
									"type": "JsonReadSettings"
								}
							}
						},
						{
							"name": "Filter2",
							"type": "Filter",
							"dependsOn": [
								{
									"activity": "Get Filenames_copy1",
									"dependencyConditions": [
										"Succeeded"
									]
								}
							],
							"userProperties": [],
							"typeProperties": {
								"items": {
									"value": "@activity('Get Filenames_copy1').output.childItems",
									"type": "Expression"
								},
								"condition": {
									"value": "@contains(item().name,'CREWPAY')",
									"type": "Expression"
								}
							}
						},
						{
							"name": "filename",
							"type": "SetVariable",
							"dependsOn": [
								{
									"activity": "Filter2",
									"dependencyConditions": [
										"Succeeded"
									]
								}
							],
							"userProperties": [],
							"typeProperties": {
								"variableName": "filename",
								"value": {
									"value": "@substring(string(activity('Filter2').output.value),10,31)",
									"type": "Expression"
								}
							}
						}
					]
				}
			},
			{
				"name": "Get_FileNames",
				"type": "GetMetadata",
				"dependsOn": [],
				"policy": {
					"timeout": "7.00:00:00",
					"retry": 0,
					"retryIntervalInSeconds": 30,
					"secureOutput": false,
					"secureInput": false
				},
				"userProperties": [],
				"typeProperties": {
					"dataset": {
						"referenceName": "Rawzone",
						"type": "DatasetReference",
						"parameters": {
							"folder": "raw-pii"
						}
					},
					"fieldList": [
						"childItems"
					],
					"storeSettings": {
						"type": "AzureBlobFSReadSettings",
						"recursive": true
					},
					"formatSettings": {
						"type": "JsonReadSettings"
					}
				}
			},
			{
				"name": "Filter1",
				"type": "Filter",
				"dependsOn": [
					{
						"activity": "Get_FileNames",
						"dependencyConditions": [
							"Succeeded"
						]
					}
				],
				"userProperties": [],
				"typeProperties": {
					"items": {
						"value": "@activity('Get_FileNames').output.childItems",
						"type": "Expression"
					},
					"condition": {
						"value": "@or(contains(item().name,'CREWPAY.LDC'),contains(item().name,'CREWPAY.LDP'))",
						"type": "Expression"
					}
				}
			},
			{
				"name": "ForEach1",
				"type": "ForEach",
				"dependsOn": [
					{
						"activity": "For_each_LDCP",
						"dependencyConditions": [
							"Succeeded"
						]
					}
				],
				"userProperties": [],
				"typeProperties": {
					"items": {
						"value": "@activity('Filter1').output.value",
						"type": "Expression"
					},
					"isSequential": true,
					"activities": [
						{
							"name": "Raw_Archive_zone",
							"type": "Copy",
							"dependsOn": [],
							"policy": {
								"timeout": "7.00:00:00",
								"retry": 0,
								"retryIntervalInSeconds": 30,
								"secureOutput": false,
								"secureInput": false
							},
							"userProperties": [],
							"typeProperties": {
								"source": {
									"type": "JsonSource",
									"storeSettings": {
										"type": "AzureBlobFSReadSettings",
										"recursive": true,
										"wildcardFileName": "*.json",
										"enablePartitionDiscovery": false
									},
									"formatSettings": {
										"type": "JsonReadSettings"
									}
								},
								"sink": {
									"type": "JsonSink",
									"storeSettings": {
										"type": "AzureBlobFSWriteSettings"
									},
									"formatSettings": {
										"type": "JsonWriteSettings"
									}
								},
								"enableStaging": false
							},
							"inputs": [
								{
									"referenceName": "ds_crewpay",
									"type": "DatasetReference",
									"parameters": {
										"path": "raw-pii"
									}
								}
							],
							"outputs": [
								{
									"referenceName": "ds_crewpay",
									"type": "DatasetReference",
									"parameters": {
										"path": "his"
									}
								}
							]
						},
						{
							"name": "Delete",
							"type": "Delete",
							"dependsOn": [
								{
									"activity": "Raw_Archive_zone",
									"dependencyConditions": [
										"Succeeded"
									]
								}
							],
							"policy": {
								"timeout": "7.00:00:00",
								"retry": 0,
								"retryIntervalInSeconds": 30,
								"secureOutput": false,
								"secureInput": false
							},
							"userProperties": [],
							"typeProperties": {
								"dataset": {
									"referenceName": "Rawzone",
									"type": "DatasetReference",
									"parameters": {
										"folder": {
											"value": "@concat('raw-pii','/',item().name)",
											"type": "Expression"
										}
									}
								},
								"logStorageSettings": {
									"linkedServiceName": {
										"referenceName": "ls_crewpay_adls",
										"type": "LinkedServiceReference"
									},
									"path": "crpay-pii/log's"
								},
								"enableLogging": true,
								"storeSettings": {
									"type": "AzureBlobFSReadSettings",
									"recursive": true,
									"wildcardFileName": "*",
									"enablePartitionDiscovery": false
								}
							}
						}
					]
				}
			}
		],
		"parameters": {
			"prog52LDCPA_Input_File": {
				"type": "string"
			},
			"prog52_LDCP_Output_File_Report": {
				"type": "string"
			},
			"DB_CRP052": {
				"type": "string"
			},
			"WorkspaceURL": {
				"type": "string"
			},
			"Secret_Name": {
				"type": "string"
			},
			"ClusterID": {
				"type": "string"
			},
			"Raw_CSV": {
				"type": "string"
			},
			"Converted_CSV": {
				"type": "string"
			},
			"Count_Validation": {
				"type": "string"
			},
			"prog52_LDCP_Output_File_Data": {
				"type": "string"
			},
			"From_Email": {
				"type": "string"
			},
			"To_Email": {
				"type": "string"
			},
			"Adf_Name": {
				"type": "string"
			},
			"Pipeline_Name": {
				"type": "string"
			},
			"LDACP_STG_Output_File_Report": {
				"type": "string"
			},
			"WRAPPER_PROGRAM": {
				"type": "string"
			},
			"Rejected_Records_path": {
				"type": "string"
			},
			"Operational_Metadata_Path": {
				"type": "string"
			},
			"Indicator_File_Path": {
				"type": "string"
			}
		},
		"variables": {
			"raw_count_file": {
				"type": "String"
			},
			"converted_count_file": {
				"type": "String"
			},
			"filename": {
				"type": "String"
			}
		},
		"folder": {
			"name": "Test"
		},
		"annotations": []
	}
}