{
	"name": "pl_drian_cp",
	"properties": {
		"activities": [
			{
				"name": "drian_cp",
				"type": "Copy",
				"dependsOn": [],
				"policy": {
					"timeout": "7.00:00:00",
					"retry": 0,
					"retryIntervalInSeconds": 30,
					"secureOutput": false,
					"secureInput": false
				},
				"userProperties": [],
				"typeProperties": {
					"source": {
						"type": "BinarySource",
						"storeSettings": {
							"type": "AzureBlobStorageReadSettings",
							"recursive": true
						},
						"formatSettings": {
							"type": "BinaryReadSettings"
						}
					},
					"sink": {
						"type": "BinarySink",
						"storeSettings": {
							"type": "AzureBlobStorageWriteSettings"
						}
					},
					"enableStaging": false
				},
				"inputs": [
					{
						"referenceName": "ds_crewpay_drain",
						"type": "DatasetReference",
						"parameters": {
							"Containers": {
								"value": "@pipeline().parameters.Source_Container",
								"type": "Expression"
							},
							"Folder": {
								"value": "@pipeline().parameters.Source_FolderName",
								"type": "Expression"
							},
							"FileName": {
								"value": "@pipeline().parameters.FileName",
								"type": "Expression"
							}
						}
					}
				],
				"outputs": [
					{
						"referenceName": "ds_crewpay_drain",
						"type": "DatasetReference",
						"parameters": {
							"Containers": {
								"value": "@pipeline().parameters.Sink_Container",
								"type": "Expression"
							},
							"Folder": {
								"value": "@pipeline().parameters.Sink_FolderName",
								"type": "Expression"
							},
							"FileName": {
								"value": "@pipeline().parameters.FileName",
								"type": "Expression"
							}
						}
					}
				]
			}
		],
		"parameters": {
			"Source_Container": {
				"type": "string"
			},
			"Sink_Container": {
				"type": "string"
			},
			"Source_FolderName": {
				"type": "string"
			},
			"Sink_FolderName": {
				"type": "string"
			},
			"FileName": {
				"type": "string"
			}
		},
		"folder": {
			"name": "Crewpay"
		},
		"annotations": []
	}
}