{
	"name": "pl_epays_outbnd_file",
	"properties": {
		"description": "This is pipeline is used to send file to epays blob storage",
		"activities": [
			{
				"name": "copy_epays_tooutbnd",
				"type": "Copy",
				"dependsOn": [],
				"policy": {
					"timeout": "7.00:00:00",
					"retry": 0,
					"retryIntervalInSeconds": 30,
					"secureOutput": false,
					"secureInput": false
				},
				"userProperties": [],
				"typeProperties": {
					"source": {
						"type": "BinarySource",
						"storeSettings": {
							"type": "AzureBlobStorageReadSettings",
							"recursive": true,
							"wildcardFileName": "*",
							"deleteFilesAfterCompletion": false
						},
						"formatSettings": {
							"type": "BinaryReadSettings"
						}
					},
					"sink": {
						"type": "BinarySink",
						"storeSettings": {
							"type": "AzureBlobStorageWriteSettings"
						}
					},
					"enableStaging": false
				},
				"inputs": [
					{
						"referenceName": "ds_epays",
						"type": "DatasetReference"
					}
				],
				"outputs": [
					{
						"referenceName": "ds_epays_txt_file",
						"type": "DatasetReference"
					}
				]
			}
		],
		"folder": {
			"name": "Crewpay"
		},
		"annotations": []
	}
}