{
	"name": "pl_file_watcher",
	"properties": {
		"activities": [
			{
				"name": "Validation1",
				"type": "Validation",
				"dependsOn": [],
				"userProperties": [],
				"typeProperties": {
					"dataset": {
						"referenceName": "ds_crewpay",
						"type": "DatasetReference",
						"parameters": {
							"path": "raw-pii/PPA"
						}
					},
					"timeout": "00.00:01:00",
					"sleep": 60,
					"childItems": true
				}
			},
			{
				"name": "Wait1",
				"type": "Wait",
				"dependsOn": [
					{
						"activity": "Validation1",
						"dependencyConditions": [
							"Succeeded"
						]
					}
				],
				"userProperties": [],
				"typeProperties": {
					"waitTimeInSeconds": 5
				}
			}
		],
		"folder": {
			"name": "Test"
		},
		"annotations": []
	}
}