{
	"name": "pl_oaoom_log_tbl_optimize",
	"properties": {
		"activities": [
			{
				"name": "nb_oaoom_log_tbl_optimize",
				"description": "Copy and aggregate oaoom logs to delta format",
				"type": "DatabricksNotebook",
				"dependsOn": [
					{
						"activity": "Parameters",
						"dependencyConditions": [
							"Succeeded"
						]
					}
				],
				"policy": {
					"timeout": "7.00:00:00",
					"retry": 0,
					"retryIntervalInSeconds": 30,
					"secureOutput": false,
					"secureInput": false
				},
				"userProperties": [],
				"typeProperties": {
					"notebookPath": {
						"value": "@pipeline().parameters.WRAPPER_PROGRAM",
						"type": "Expression"
					},
					"baseParameters": {
						"oaoom_delta_path": {
							"value": "@activity('Parameters').output.firstRow.Parameters.oaoom_delta_path",
							"type": "Expression"
						}
					}
				},
				"linkedServiceName": {
					"referenceName": "ls_crewpay_adb_temp",
					"type": "LinkedServiceReference",
					"parameters": {
						"WorkspaceURL": {
							"value": "@activity('Parameters').output.firstRow.Parameters.WorkspaceURL",
							"type": "Expression"
						},
						"Secret_Name": {
							"value": "@activity('Parameters').output.firstRow.Parameters.Secret_Name",
							"type": "Expression"
						},
						"ClusterID": {
							"value": "@activity('Parameters').output.firstRow.Parameters.ClusterID",
							"type": "Expression"
						},
						"KeyVaultDNSName": {
							"value": "@activity('Parameters').output.firstRow.Parameters.KeyVaultDNSName",
							"type": "Expression"
						},
						"ADB_ENV": {
							"value": "@activity('Parameters').output.firstRow.Parameters.ADB_ENV",
							"type": "Expression"
						},
						"policyId": {
							"value": "@activity('Parameters').output.firstRow.Parameters.policyId",
							"type": "Expression"
						},
						"newClusterVersion": {
							"value": "@activity('Parameters').output.firstRow.Parameters.newClusterVersion",
							"type": "Expression"
						}
					}
				}
			},
			{
				"name": "Parameters",
				"type": "Lookup",
				"dependsOn": [],
				"policy": {
					"timeout": "7.00:00:00",
					"retry": 0,
					"retryIntervalInSeconds": 30,
					"secureOutput": false,
					"secureInput": false
				},
				"userProperties": [],
				"typeProperties": {
					"source": {
						"type": "JsonSource",
						"storeSettings": {
							"type": "AzureBlobStorageReadSettings",
							"recursive": true
						},
						"formatSettings": {
							"type": "JsonReadSettings"
						}
					},
					"dataset": {
						"referenceName": "ds_crewpay_blob_parameter_json",
						"type": "DatasetReference",
						"parameters": {
							"file_name": {
								"value": "@pipeline().parameters.Parameter_File_Name",
								"type": "Expression"
							}
						}
					}
				}
			}
		],
		"parameters": {
			"WRAPPER_PROGRAM": {
				"type": "string",
				"defaultValue": "/crpay/crpay_pii/nb_oaoom_log_tbl_optimize"
			},
			"Parameter_File_Name": {
				"type": "string",
				"defaultValue": "PBIParameters.json"
			}
		},
		"annotations": []
	}
}