{
	"name": "pl_oaoom_optimus_adbde_pbi",
	"properties": {
		"activities": [
			{
				"name": "nb_cp_oaoom_adbde",
				"description": "Copy and aggregate oaoom logs to delta format",
				"type": "DatabricksNotebook",
				"dependsOn": [
					{
						"activity": "cp_azuresql_adbde",
						"dependencyConditions": [
							"Succeeded"
						]
					}
				],
				"policy": {
					"timeout": "7.00:00:00",
					"retry": 3,
					"retryIntervalInSeconds": 300,
					"secureOutput": false,
					"secureInput": false
				},
				"userProperties": [],
				"typeProperties": {
					"notebookPath": {
						"value": "@pipeline().parameters.WRAPPER_PROGRAM",
						"type": "Expression"
					},
					"baseParameters": {
						"oaoom_delta_path": {
							"value": "@activity('Parameters').output.firstRow.Parameters.oaoom_delta_path",
							"type": "Expression"
						},
						"optimus_path": {
							"value": "@activity('Parameters').output.firstRow.Parameters.optimus_path",
							"type": "Expression"
						},
						"oaoomlog_strctpath": {
							"value": "@activity('Parameters').output.firstRow.Parameters.oaoomlog_strctpath",
							"type": "Expression"
						},
						"oaoomlog_preppath": {
							"value": "@activity('Parameters').output.firstRow.Parameters.oaoomlog_preppath",
							"type": "Expression"
						},
						"optimuslog_preppath": {
							"value": "@activity('Parameters').output.firstRow.Parameters.optimuslog_preppath",
							"type": "Expression"
						},
						"pbidsb_path": {
							"value": "@activity('Parameters').output.firstRow.Parameters.pbidsb_path",
							"type": "Expression"
						}
					}
				},
				"linkedServiceName": {
					"referenceName": "ls_crewpay_adb_temp",
					"type": "LinkedServiceReference",
					"parameters": {
						"WorkspaceURL": {
							"value": "@activity('Parameters').output.firstRow.Parameters.WorkspaceURL",
							"type": "Expression"
						},
						"Secret_Name": {
							"value": "@activity('Parameters').output.firstRow.Parameters.Secret_Name",
							"type": "Expression"
						},
						"ClusterID": {
							"value": "@activity('Parameters').output.firstRow.Parameters.ClusterID",
							"type": "Expression"
						},
						"KeyVaultDNSName": {
							"value": "@activity('Parameters').output.firstRow.Parameters.KeyVaultDNSName",
							"type": "Expression"
						},
						"ADB_ENV": {
							"value": "@activity('Parameters').output.firstRow.Parameters.ADB_ENV",
							"type": "Expression"
						},
						"policyId": {
							"value": "@activity('Parameters').output.firstRow.Parameters.policyId",
							"type": "Expression"
						},
						"newClusterVersion": {
							"value": "@activity('Parameters').output.firstRow.Parameters.newClusterVersion",
							"type": "Expression"
						}
					}
				}
			},
			{
				"name": "ex_pipeline_pbi_refresh",
				"type": "ExecutePipeline",
				"dependsOn": [
					{
						"activity": "nb_cp_oaoom_adbde",
						"dependencyConditions": [
							"Succeeded"
						]
					}
				],
				"policy": {
					"secureInput": false
				},
				"userProperties": [],
				"typeProperties": {
					"pipeline": {
						"referenceName": "pl_PBI_dataset_refresh",
						"type": "PipelineReference"
					},
					"waitOnCompletion": true,
					"parameters": {
						"SecretName_TenantId": {
							"value": "TenantId",
							"type": "Expression"
						},
						"SecretName_SPClientId": {
							"value": "ClientId-Crpay",
							"type": "Expression"
						},
						"SecretName_SPSecret": {
							"value": "@activity('Parameters').output.firstRow.Parameters.app_key",
							"type": "Expression"
						},
						"KeyVaultDNSName": {
							"value": "@activity('Parameters').output.firstRow.Parameters.KeyVaultDNSName",
							"type": "Expression"
						},
						"workspaceGuid": {
							"value": "@activity('Parameters').output.firstRow.Parameters.workspaceGuid",
							"type": "Expression"
						},
						"datasetGuid": {
							"value": "@activity('Parameters').output.firstRow.parameters.datasetGuid_DASH",
							"type": "Expression"
						}
					}
				}
			},
			{
				"name": "cp_azuresql_adbde",
				"type": "Copy",
				"dependsOn": [
					{
						"activity": "Parameters",
						"dependencyConditions": [
							"Succeeded"
						]
					}
				],
				"policy": {
					"timeout": "7.00:00:00",
					"retry": 0,
					"retryIntervalInSeconds": 30,
					"secureOutput": false,
					"secureInput": false
				},
				"userProperties": [],
				"typeProperties": {
					"source": {
						"type": "AzureSqlSource",
						"sqlReaderQuery": {
							"value": "SELECT\n  j.Id,\n  j.Name           AS JobName,\n  (\n  SELECT TOP 1\n       name\n  FROM\n       OPENJSON(j.Configuration, '$.LandingZone')\n         WITH (name VARCHAR(50) '$.Name')\n  )             AS DrainFileType,\n  (\n  SELECT TOP 1\n       conversionOperationName\n  FROM\n       OPENJSON(j.Configuration, '$.LandingZone')\n         WITH (conversionOperationName NVARCHAR(50) '$.ConversionOperationName')\n  )             AS ConversionOperation,\n  j.DateTimeCreated,\n  j.DateTimeStarted,\n  j.DateTimeCompleted,\n  j.Status,\n  fSourceFileName.Value   AS SourceFileName,\n  fSourceFileSize.Value   AS SourceFileSize,\n  fSourceFileCreated.Value AS SourceFileCreated\nFROM\n  dbo.Jobs          j\n  JOIN dbo.ServiceDefinitions sd ON j.ServiceDefinitionId = sd.Id\n  JOIN dbo.RecordedFacts    fSourceFileName ON j.Id    = fSourceFileName.JobId\n  JOIN dbo.RecordedFacts    fSourceFileSize ON j.Id    = fSourceFileSize.JobId\n  JOIN dbo.RecordedFacts    fSourceFileCreated ON j.Id  = fSourceFileCreated.JobId\nWHERE\n  sd.ClassName        = 'zOS.Slayer.Services.Director'\n  AND fSourceFileCreated.Name = 'Source File Created'\n  AND fSourceFileName.Name  = 'Source File Name'\n  AND fSourceFileSize.Name  = 'Source File Size'\nUNION\nSELECT\n  j.JobId           Id,\n  j.Name           AS JobName,\n  (\n  SELECT TOP 1\n       name\n  FROM\n       OPENJSON(j.Configuration, '$.LandingZone')\n         WITH (name VARCHAR(50) '$.Name')\n  )             AS DrainFileType,\n  (\n  SELECT TOP 1\n       conversionOperationName\n  FROM\n       OPENJSON(j.Configuration, '$.LandingZone')\n         WITH (conversionOperationName NVARCHAR(50) '$.ConversionOperationName')\n  )             AS ConversionOperation,\n  j.DateTimeCreated,\n  j.DateTimeStarted,\n  j.DateTimeCompleted,\n  j.Status,\n  fSourceFileName.Value   AS SourceFileName,\n  fSourceFileSize.Value   AS SourceFileSize,\n  fSourceFileCreated.Value AS SourceFileCreated\nFROM\n  dbo.RecordedJobs      j\n  JOIN dbo.ServiceDefinitions sd ON j.ServiceDefinitionId = sd.Id\n  JOIN dbo.RecordedFacts    fSourceFileName ON j.Id    = fSourceFileName.RecordedJobId\n  JOIN dbo.RecordedFacts    fSourceFileSize ON j.Id    = fSourceFileSize.RecordedJobId\n  JOIN dbo.RecordedFacts    fSourceFileCreated ON j.Id  = fSourceFileCreated.RecordedJobId\nWHERE\n  sd.ClassName        = 'zOS.Slayer.Services.Director'\n  AND fSourceFileCreated.Name = 'Source File Created'\n  AND fSourceFileName.Name  = 'Source File Name'\n  AND fSourceFileSize.Name  = 'Source File Size';",
							"type": "Expression"
						},
						"queryTimeout": "02:00:00",
						"partitionOption": "None"
					},
					"sink": {
						"type": "ParquetSink",
						"storeSettings": {
							"type": "AzureBlobFSWriteSettings"
						},
						"formatSettings": {
							"type": "ParquetWriteSettings"
						}
					},
					"enableStaging": false,
					"translator": {
						"type": "TabularTranslator",
						"typeConversion": true,
						"typeConversionSettings": {
							"allowDataTruncation": true,
							"treatBooleanAsNumber": false
						}
					}
				},
				"inputs": [
					{
						"referenceName": "ds_azuresql_optimus",
						"type": "DatasetReference",
						"parameters": {
							"domainname": {
								"value": "@activity('Parameters').output.firstRow.Parameters.optimus_domainname",
								"type": "Expression"
							},
							"databasename": {
								"value": "@activity('Parameters').output.firstRow.Parameters.optimus_databasename",
								"type": "Expression"
							}
						}
					}
				],
				"outputs": [
					{
						"referenceName": "ds_oaoom_deltapath",
						"type": "DatasetReference",
						"parameters": {
							"dir_path": "delta-struct/optimus_extract_complete/",
							"file_name": "optimus_extrct"
						}
					}
				]
			},
			{
				"name": "Parameters",
				"type": "Lookup",
				"dependsOn": [],
				"policy": {
					"timeout": "7.00:00:00",
					"retry": 0,
					"retryIntervalInSeconds": 30,
					"secureOutput": false,
					"secureInput": false
				},
				"userProperties": [],
				"typeProperties": {
					"source": {
						"type": "JsonSource",
						"storeSettings": {
							"type": "AzureBlobFSReadSettings",
							"recursive": true
						},
						"formatSettings": {
							"type": "JsonReadSettings"
						}
					},
					"dataset": {
						"referenceName": "ds_crewpay_blob_parameter_json",
						"type": "DatasetReference",
						"parameters": {
							"file_name": {
								"value": "@pipeline().parameters.Parameter_File_Name",
								"type": "Expression"
							}
						}
					}
				}
			}
		],
		"parameters": {
			"WRAPPER_PROGRAM": {
				"type": "string",
				"defaultValue": "/crpay/crpay_pii/PBI-ADFLog_OPT"
			},
			"Parameter_File_Name": {
				"type": "string",
				"defaultValue": "PBIParameters.json"
			}
		},
		"annotations": []
	}
}