{
	"name": "pl_pre_filecheck",
	"properties": {
		"activities": [
			{
				"name": "Pre_files_archive",
				"type": "GetMetadata",
				"dependsOn": [
					{
						"activity": "Parameters",
						"dependencyConditions": [
							"Succeeded"
						]
					}
				],
				"policy": {
					"timeout": "7.00:00:00",
					"retry": 0,
					"retryIntervalInSeconds": 30,
					"secureOutput": false,
					"secureInput": false
				},
				"userProperties": [],
				"typeProperties": {
					"dataset": {
						"referenceName": "ds_crewpay",
						"type": "DatasetReference",
						"parameters": {
							"path": {
								"value": "his-converted-archive",
								"type": "Expression"
							}
						}
					},
					"fieldList": [
						"childItems"
					],
					"storeSettings": {
						"type": "AzureBlobFSReadSettings",
						"recursive": true,
						"modifiedDatetimeStart": {
							"value": "@adddays(utcnow(),-20)",
							"type": "Expression"
						},
						"modifiedDatetimeEnd": {
							"value": "@utcnow()",
							"type": "Expression"
						},
						"enablePartitionDiscovery": false
					},
					"formatSettings": {
						"type": "JsonReadSettings"
					}
				}
			},
			{
				"name": "Pre_files",
				"type": "Filter",
				"dependsOn": [
					{
						"activity": "Pre_files_archive",
						"dependencyConditions": [
							"Succeeded"
						]
					}
				],
				"userProperties": [],
				"typeProperties": {
					"items": {
						"value": "@activity('Pre_files_archive').output.childItems",
						"type": "Expression"
					},
					"condition": {
						"value": "@or(contains(item().name,'PPB'),contains(item().name,'PPD'))",
						"type": "Expression"
					}
				}
			},
			{
				"name": "If Condition1",
				"type": "IfCondition",
				"dependsOn": [
					{
						"activity": "Pre_files",
						"dependencyConditions": [
							"Succeeded"
						]
					}
				],
				"userProperties": [],
				"typeProperties": {
					"expression": {
						"value": "@equals(activity('Pre_files').Output.FilteredItemsCount,0)",
						"type": "Expression"
					},
					"ifTrueActivities": [
						{
							"name": "File_check",
							"type": "DatabricksNotebook",
							"dependsOn": [],
							"policy": {
								"timeout": "7.00:00:00",
								"retry": 0,
								"retryIntervalInSeconds": 30,
								"secureOutput": false,
								"secureInput": false
							},
							"userProperties": [],
							"typeProperties": {
								"notebookPath": {
									"value": "/crpay/Manual_Run/Final_Notification (1)",
									"type": "Expression"
								},
								"baseParameters": {
									"sender_email": {
										"value": "@activity('Parameters').Output.firstRow.Parameters.From_Email",
										"type": "Expression"
									},
									"receiver_emails": {
										"value": "@activity('Parameters').Output.firstRow.Parameters.To_Email",
										"type": "Expression"
									},
									"Run_Type": {
										"value": "@pipeline().parameters.Run_Type",
										"type": "Expression"
									},
									"Trigger_Time": {
										"value": "@utcnow()",
										"type": "Expression"
									}
								}
							},
							"linkedServiceName": {
								"referenceName": "ls_crewpay_adb_temp",
								"type": "LinkedServiceReference",
								"parameters": {
									"WorkspaceURL": {
										"value": "@activity('Parameters').Output.firstRow.Parameters.WorkspaceURL",
										"type": "Expression"
									},
									"Secret_Name": {
										"value": "@activity('Parameters').Output.firstRow.Parameters.Secret_Name",
										"type": "Expression"
									},
									"ClusterID": {
										"value": "@activity('Parameters').Output.firstRow.Parameters.ClusterID",
										"type": "Expression"
									}
								}
							}
						}
					]
				}
			},
			{
				"name": "Parameters",
				"type": "Lookup",
				"dependsOn": [],
				"policy": {
					"timeout": "7.00:00:00",
					"retry": 0,
					"retryIntervalInSeconds": 30,
					"secureOutput": false,
					"secureInput": false
				},
				"userProperties": [],
				"typeProperties": {
					"source": {
						"type": "JsonSource",
						"storeSettings": {
							"type": "AzureBlobStorageReadSettings",
							"recursive": true
						},
						"formatSettings": {
							"type": "JsonReadSettings"
						}
					},
					"dataset": {
						"referenceName": "ds_crewpay_blob_parameter_json",
						"type": "DatasetReference",
						"parameters": {
							"file_name": "*"
						}
					}
				}
			}
		],
		"parameters": {
			"Run_Type": {
				"type": "string",
				"defaultValue": "Pre"
			}
		},
		"folder": {
			"name": "Test"
		},
		"annotations": []
	}
}