{
	"name": "pl_VD_HistoryLoad_CREWSYS",
	"properties": {
		"activities": [
			{
				"name": "Get_FileNames",
				"type": "GetMetadata",
				"dependsOn": [
					{
						"activity": "Parameters",
						"dependencyConditions": [
							"Succeeded"
						]
					}
				],
				"policy": {
					"timeout": "7.00:00:00",
					"retry": 0,
					"retryIntervalInSeconds": 30,
					"secureOutput": false,
					"secureInput": false
				},
				"userProperties": [],
				"typeProperties": {
					"dataset": {
						"referenceName": "ds_crewpay",
						"type": "DatasetReference",
						"parameters": {
							"path": {
								"value": "@concat('raw-pii','/','VD_REPORT','/','VD_HIST_JSON')",
								"type": "Expression"
							}
						}
					},
					"fieldList": [
						"childItems"
					],
					"storeSettings": {
						"type": "AzureBlobFSReadSettings",
						"recursive": true,
						"enablePartitionDiscovery": false
					},
					"formatSettings": {
						"type": "JsonReadSettings"
					}
				}
			},
			{
				"name": "FilterVDfile",
				"type": "Filter",
				"dependsOn": [
					{
						"activity": "Get_FileNames",
						"dependencyConditions": [
							"Succeeded"
						]
					}
				],
				"userProperties": [],
				"typeProperties": {
					"items": {
						"value": "@activity('Get_FileNames').output.childItems",
						"type": "Expression"
					},
					"condition": {
						"value": "@contains(item().name,concat('AACSY.',pipeline().parameters.Crpay,'.',substring(pipeline().parameters.Year,2,2),pipeline().parameters.Month))",
						"type": "Expression"
					}
				}
			},
			{
				"name": "VDFileName",
				"type": "SetVariable",
				"dependsOn": [
					{
						"activity": "FilterVDfile",
						"dependencyConditions": [
							"Succeeded"
						]
					}
				],
				"userProperties": [],
				"typeProperties": {
					"variableName": "filename",
					"value": {
						"value": "@substring(string(activity('FilterVDfile').output.value),10,42)",
						"type": "Expression"
					}
				}
			},
			{
				"name": "History_load",
				"type": "DatabricksNotebook",
				"dependsOn": [
					{
						"activity": "VDFileName",
						"dependencyConditions": [
							"Succeeded"
						]
					}
				],
				"policy": {
					"timeout": "7.00:00:00",
					"retry": 0,
					"retryIntervalInSeconds": 30,
					"secureOutput": false,
					"secureInput": false
				},
				"userProperties": [],
				"typeProperties": {
					"notebookPath": {
						"value": "/crpay/crpay_pii/crewsys_hist_process",
						"type": "Expression"
					},
					"baseParameters": {
						"Input_File_Path": {
							"value": "@concat(activity('Parameters').Output.firstRow.Parameters.Raw_Input_Path,'/VD_REPORT/VD_HIST_JSON/',variables('filename'))",
							"type": "Expression"
						},
						"Output_File_Report": {
							"value": "@if(equals(pipeline().parameters.Crpay,'FA.PPDPPC'),concat(activity('Parameters').Output.firstRow.Parameters.Prep_Output_File_Report,'/Reports/AAPPCD/'),concat(activity('Parameters').Output.firstRow.Parameters.Prep_Output_File_Report,'/Reports/AAPPAB/'))",
							"type": "Expression"
						},
						"receiver_emails": {
							"value": "@activity('Parameters').Output.firstRow.Parameters.To_Email",
							"type": "Expression"
						},
						"sender_email": {
							"value": "@activity('Parameters').Output.firstRow.Parameters.From_Email",
							"type": "Expression"
						},
						"vd_output": {
							"value": "@if(equals(pipeline().parameters.Crpay,'FA.PPDPPC'),concat(activity('Parameters').Output.firstRow.Parameters.vd_report_path,'CREWSYS_VD_PPCD/'),concat(activity('Parameters').Output.firstRow.Parameters.vd_report_path,'CREWSYS_VD_PPAB/'))\n\n",
							"type": "Expression"
						},
						"Year": {
							"value": "@pipeline().parameters.Year",
							"type": "Expression"
						},
						"Month": {
							"value": "@pipeline().parameters.Month",
							"type": "Expression"
						},
						"Input_File_Name": {
							"value": "@variables('filename')",
							"type": "Expression"
						}
					}
				},
				"linkedServiceName": {
					"referenceName": "ls_crewpay_adb_temp",
					"type": "LinkedServiceReference",
					"parameters": {
						"WorkspaceURL": {
							"value": "@activity('Parameters').Output.firstRow.Parameters.WorkspaceURL",
							"type": "Expression"
						},
						"Secret_Name": {
							"value": "@activity('Parameters').Output.firstRow.Parameters.Secret_Name",
							"type": "Expression"
						},
						"ClusterID": {
							"value": "@activity('Parameters').Output.firstRow.Parameters.ClusterID",
							"type": "Expression"
						}
					}
				}
			},
			{
				"name": "Archive_zone_Raw",
				"type": "Copy",
				"dependsOn": [
					{
						"activity": "prepdiff",
						"dependencyConditions": [
							"Succeeded"
						]
					}
				],
				"policy": {
					"timeout": "7.00:00:00",
					"retry": 0,
					"retryIntervalInSeconds": 30,
					"secureOutput": false,
					"secureInput": false
				},
				"userProperties": [],
				"typeProperties": {
					"source": {
						"type": "JsonSource",
						"storeSettings": {
							"type": "AzureBlobFSReadSettings",
							"recursive": true,
							"enablePartitionDiscovery": false
						},
						"formatSettings": {
							"type": "JsonReadSettings"
						}
					},
					"sink": {
						"type": "JsonSink",
						"storeSettings": {
							"type": "AzureBlobFSWriteSettings"
						},
						"formatSettings": {
							"type": "JsonWriteSettings"
						}
					},
					"enableStaging": false
				},
				"inputs": [
					{
						"referenceName": "ds_crewpay_vd",
						"type": "DatasetReference",
						"parameters": {
							"path": {
								"value": "@concat('raw-pii/VD_REPORT/VD_HIST_JSON/')",
								"type": "Expression"
							},
							"filename": {
								"value": "@variables('filename')",
								"type": "Expression"
							}
						}
					}
				],
				"outputs": [
					{
						"referenceName": "ds_crewpay_vd",
						"type": "DatasetReference",
						"parameters": {
							"path": {
								"value": "@concat('vd-hist-json-archive/',pipeline().parameters.Crpay)",
								"type": "Expression"
							},
							"filename": {
								"value": "@variables('filename')",
								"type": "Expression"
							}
						}
					}
				]
			},
			{
				"name": "Delete",
				"type": "Delete",
				"dependsOn": [
					{
						"activity": "Archive_zone_Raw",
						"dependencyConditions": [
							"Succeeded"
						]
					}
				],
				"policy": {
					"timeout": "7.00:00:00",
					"retry": 0,
					"retryIntervalInSeconds": 30,
					"secureOutput": false,
					"secureInput": false
				},
				"userProperties": [],
				"typeProperties": {
					"dataset": {
						"referenceName": "ds_crewpay_vd",
						"type": "DatasetReference",
						"parameters": {
							"path": {
								"value": "@concat('raw-pii/VD_REPORT/VD_HIST_JSON/')",
								"type": "Expression"
							},
							"filename": {
								"value": "@variables('filename')",
								"type": "Expression"
							}
						}
					},
					"logStorageSettings": {
						"linkedServiceName": {
							"referenceName": "ls_crewpay_adls",
							"type": "LinkedServiceReference"
						},
						"path": "crpay-pii/log's"
					},
					"enableLogging": true,
					"storeSettings": {
						"type": "AzureBlobFSReadSettings",
						"recursive": true,
						"enablePartitionDiscovery": false
					}
				}
			},
			{
				"name": "prepdiff",
				"type": "DatabricksNotebook",
				"dependsOn": [
					{
						"activity": "crpay_validation_bin_json",
						"dependencyConditions": [
							"Succeeded"
						]
					}
				],
				"policy": {
					"timeout": "7.00:00:00",
					"retry": 0,
					"retryIntervalInSeconds": 30,
					"secureOutput": false,
					"secureInput": false
				},
				"userProperties": [],
				"typeProperties": {
					"notebookPath": {
						"value": "/crpay/crpay_pii/VD_Test_CREWSYS",
						"type": "Expression"
					},
					"baseParameters": {
						"PrepTableName": {
							"value": "@if(equals(pipeline().parameters.Crpay,'AAPPCD'),'crpay_prep.crp030_ppc_ppd_report','crpay_prep.crp030_ppa_ppb_report')",
							"type": "Expression"
						},
						"VDTableName": {
							"value": "@if(equals(pipeline().parameters.Crpay,'AAPPCD'),'crpay_prep.CREWSYSPPCDVD','crpay_prep.CREWSYSPPABVD')",
							"type": "Expression"
						},
						"file_location": {
							"value": "@activity('Parameters').Output.firstRow.Parameters.Raw_Input_Path",
							"type": "Expression"
						},
						"receiver_emails": {
							"value": "@activity('Parameters').Output.firstRow.Parameters.To_Email",
							"type": "Expression"
						},
						"sender_email": {
							"value": "@activity('Parameters').Output.firstRow.Parameters.From_Email",
							"type": "Expression"
						},
						"ProcessJson": {
							"value": "@concat(activity('Parameters').Output.firstRow.Parameters.Raw_Input_Path,'/VD_REPORT/VD_HIST_JSON/',variables('filename'))",
							"type": "Expression"
						},
						"Crewpay_Run": {
							"value": "@if(equals(pipeline().parameters.Crpay,'ACRPPP4F'),'PPCD','PPAB')",
							"type": "Expression"
						},
						"Month": {
							"value": "@pipeline().parameters.Month",
							"type": "Expression"
						},
						"YEAR": {
							"value": "@pipeline().parameters.Year",
							"type": "Expression"
						}
					}
				},
				"linkedServiceName": {
					"referenceName": "ls_crewpay_adb_temp",
					"type": "LinkedServiceReference",
					"parameters": {
						"WorkspaceURL": {
							"value": "@activity('Parameters').Output.firstRow.Parameters.WorkspaceURL",
							"type": "Expression"
						},
						"Secret_Name": {
							"value": "@activity('Parameters').Output.firstRow.Parameters.Secret_Name",
							"type": "Expression"
						},
						"ClusterID": {
							"value": "@activity('Parameters').Output.firstRow.Parameters.ClusterID",
							"type": "Expression"
						}
					}
				}
			},
			{
				"name": "Parameters",
				"description": "parameter",
				"type": "Lookup",
				"dependsOn": [],
				"policy": {
					"timeout": "7.00:00:00",
					"retry": 0,
					"retryIntervalInSeconds": 30,
					"secureOutput": false,
					"secureInput": false
				},
				"userProperties": [],
				"typeProperties": {
					"source": {
						"type": "JsonSource",
						"storeSettings": {
							"type": "AzureBlobStorageReadSettings",
							"recursive": true
						},
						"formatSettings": {
							"type": "JsonReadSettings"
						}
					},
					"dataset": {
						"referenceName": "ds_crewpay_blob_parameter_json",
						"type": "DatasetReference",
						"parameters": {
							"file_name": {
								"value": "@pipeline().parameters.Parameter_File_Name",
								"type": "Expression"
							}
						}
					}
				}
			},
			{
				"name": "crpay_validation_bin_json",
				"type": "DatabricksNotebook",
				"dependsOn": [
					{
						"activity": "History_load",
						"dependencyConditions": [
							"Succeeded"
						]
					}
				],
				"policy": {
					"timeout": "7.00:00:00",
					"retry": 0,
					"retryIntervalInSeconds": 30,
					"secureOutput": false,
					"secureInput": false
				},
				"userProperties": [],
				"typeProperties": {
					"notebookPath": "/crpay/crpay_pii/crewsys_validation_bin_json",
					"baseParameters": {
						"BIN_JSON": {
							"value": "BIN_JSON_OUTPUT",
							"type": "Expression"
						},
						"Crewpay_Run": {
							"value": "@if(equals(pipeline().parameters.Crpay,'FA.PPDPPC'),'PPCD','PPAB')",
							"type": "Expression"
						},
						"ProcessJson": {
							"value": "@concat(activity('Parameters').Output.firstRow.Parameters.Raw_Input_Path,'/VD_REPORT/VD_HIST_JSON/',variables('filename'))",
							"type": "Expression"
						},
						"blob": {
							"value": "@if(equals(pipeline().parameters.Crpay,'FA.PPDPPC'),concat('AACSY.FA.PPDPPC.',substring(pipeline().parameters.Year,2,2),pipeline().parameters.Month,'.txt'),concat('AACSY.PI.PPBPPA.',substring(pipeline().parameters.Year,2,2),pipeline().parameters.Month,'.txt'))",
							"type": "Expression"
						},
						"crpay_blob_key": {
							"value": "@activity('Parameters').Output.firstRow.Parameters.storage_account_Secret",
							"type": "Expression"
						},
						"receiver_emails": {
							"value": "@activity('Parameters').Output.firstRow.Parameters.To_Email",
							"type": "Expression"
						},
						"sender_email": {
							"value": "@activity('Parameters').Output.firstRow.Parameters.From_Email",
							"type": "Expression"
						},
						"storage_account_name": {
							"value": "@activity('Parameters').Output.firstRow.Parameters.storage_account_name",
							"type": "Expression"
						},
						"crpay_blob_scope": {
							"value": "@activity('Parameters').Output.firstRow.Parameters.epays_blob_scope",
							"type": "Expression"
						},
						"Year": {
							"value": "@pipeline().parameters.Year",
							"type": "Expression"
						},
						"Month": {
							"value": "@pipeline().parameters.Month",
							"type": "Expression"
						}
					}
				},
				"linkedServiceName": {
					"referenceName": "ls_crewpay_adb_temp",
					"type": "LinkedServiceReference",
					"parameters": {
						"WorkspaceURL": {
							"value": "@activity('Parameters').Output.firstRow.Parameters.WorkspaceURL",
							"type": "Expression"
						},
						"Secret_Name": {
							"value": "@activity('Parameters').Output.firstRow.Parameters.Secret_Name",
							"type": "Expression"
						},
						"ClusterID": {
							"value": "@activity('Parameters').Output.firstRow.Parameters.ClusterID",
							"type": "Expression"
						}
					}
				}
			}
		],
		"parameters": {
			"Crpay": {
				"type": "string"
			},
			"Year": {
				"type": "string"
			},
			"Month": {
				"type": "string"
			},
			"Parameter_File_Name": {
				"type": "string",
				"defaultValue": "Parameters.json"
			}
		},
		"variables": {
			"filename": {
				"type": "String"
			},
			"Blob_Secret": {
				"type": "String"
			}
		},
		"folder": {
			"name": "CREWSYS_VD"
		},
		"annotations": []
	}
}