{
	"name": "pl_VD_HistoryLoad_L_P_Series",
	"properties": {
		"activities": [
			{
				"name": "Get_FileNames",
				"type": "GetMetadata",
				"dependsOn": [
					{
						"activity": "Parameters",
						"dependencyConditions": [
							"Succeeded"
						]
					}
				],
				"policy": {
					"timeout": "7.00:00:00",
					"retry": 0,
					"retryIntervalInSeconds": 30,
					"secureOutput": false,
					"secureInput": false
				},
				"userProperties": [],
				"typeProperties": {
					"dataset": {
						"referenceName": "ds_crewpay",
						"type": "DatasetReference",
						"parameters": {
							"path": {
								"value": "@concat('raw-pii','/','VD_REPORT','/','VD_HIST_JSON')",
								"type": "Expression"
							}
						}
					},
					"fieldList": [
						"childItems"
					],
					"storeSettings": {
						"type": "AzureBlobFSReadSettings",
						"recursive": true,
						"enablePartitionDiscovery": false
					},
					"formatSettings": {
						"type": "JsonReadSettings"
					}
				}
			},
			{
				"name": "FilterVDfile",
				"type": "Filter",
				"dependsOn": [
					{
						"activity": "Get_FileNames",
						"dependencyConditions": [
							"Succeeded"
						]
					}
				],
				"userProperties": [],
				"typeProperties": {
					"items": {
						"value": "@activity('Get_FileNames').output.childItems",
						"type": "Expression"
					},
					"condition": {
						"value": "@contains(item().name,concat('VDR.',pipeline().parameters.Crpay,'.Y',pipeline().parameters.Year,'.D',pipeline().parameters.Month))",
						"type": "Expression"
					}
				}
			},
			{
				"name": "VDFileName",
				"type": "SetVariable",
				"dependsOn": [
					{
						"activity": "FilterVDfile",
						"dependencyConditions": [
							"Succeeded"
						]
					}
				],
				"userProperties": [],
				"typeProperties": {
					"variableName": "filename",
					"value": {
						"value": "@substring(string(activity('FilterVDfile').output.value),10,46)",
						"type": "Expression"
					}
				}
			},
			{
				"name": "History_load",
				"type": "DatabricksNotebook",
				"dependsOn": [
					{
						"activity": "Move_Json_Rawpii_to_blob",
						"dependencyConditions": [
							"Succeeded"
						]
					}
				],
				"policy": {
					"timeout": "7.00:00:00",
					"retry": 0,
					"retryIntervalInSeconds": 30,
					"secureOutput": false,
					"secureInput": false
				},
				"userProperties": [],
				"typeProperties": {
					"notebookPath": {
						"value": "/crpay/crpay_pii/crpay_PSeries_HistoryLoad",
						"type": "Expression"
					},
					"baseParameters": {
						"Input_File": {
							"value": "@concat(activity('Parameters').Output.firstRow.Parameters.Raw_Input_Path,'/VD_REPORT/VD_HIST_JSON/',variables('filename'))",
							"type": "Expression"
						},
						"Operational_Metadata_Path": {
							"value": "@concat(activity('Parameters').Output.firstRow.Parameters.Operational_Metadata_Path,'/')",
							"type": "Expression"
						},
						"Output_File_Report": {
							"value": "@if(equals(pipeline().parameters.Crpay,'ACRPPP4F'),concat(activity('Parameters').Output.firstRow.Parameters.Prep_Output_File_Report,'/Reports/AAPPCD/'),concat(activity('Parameters').Output.firstRow.Parameters.Prep_Output_File_Report,'/Reports/AAPPAB/'))",
							"type": "Expression"
						},
						"STG_Output_File_Report": {
							"value": "@if(equals(pipeline().parameters.Crpay,'ACRPPP4F'),concat(activity('Parameters').Output.firstRow.Parameters.STG_epays_Output_File_Report,'/AA_HIST_STG_PPCD/'),concat(activity('Parameters').Output.firstRow.Parameters.STG_epays_Output_File_Report,'/AA_HIST_STG_PPAB/'))",
							"type": "Expression"
						},
						"Indicator_File_Path": {
							"value": "@activity('Parameters').Output.firstRow.Parameters.Indicator_File_Path",
							"type": "Expression"
						},
						"receiver_emails": {
							"value": "@activity('Parameters').Output.firstRow.Parameters.To_Email",
							"type": "Expression"
						},
						"sender_email": {
							"value": "@activity('Parameters').Output.firstRow.Parameters.From_Email",
							"type": "Expression"
						},
						"vd_output": {
							"value": "@if(equals(pipeline().parameters.Crpay,'ACRPPP4F'),concat(activity('Parameters').Output.firstRow.Parameters.vd_report_path,'VD_PPCD/'),concat(activity('Parameters').Output.firstRow.Parameters.vd_report_path,'VD_PPAB/'))\n\n",
							"type": "Expression"
						},
						"Prep_Year": {
							"value": "@pipeline().parameters.Prep_Year",
							"type": "Expression"
						},
						"Prep_Month": {
							"value": "@pipeline().parameters.Prep_Month",
							"type": "Expression"
						}
					}
				},
				"linkedServiceName": {
					"referenceName": "ls_crewpay_adb_temp",
					"type": "LinkedServiceReference",
					"parameters": {
						"WorkspaceURL": {
							"value": "@activity('Parameters').Output.firstRow.Parameters.WorkspaceURL",
							"type": "Expression"
						},
						"Secret_Name": {
							"value": "@activity('Parameters').Output.firstRow.Parameters.Secret_Name",
							"type": "Expression"
						},
						"ClusterID": {
							"value": "@activity('Parameters').Output.firstRow.Parameters.ClusterID",
							"type": "Expression"
						}
					}
				}
			},
			{
				"name": "Archive_zone_Raw",
				"type": "Copy",
				"dependsOn": [
					{
						"activity": "prepdiff",
						"dependencyConditions": [
							"Succeeded"
						]
					}
				],
				"policy": {
					"timeout": "7.00:00:00",
					"retry": 0,
					"retryIntervalInSeconds": 30,
					"secureOutput": false,
					"secureInput": false
				},
				"userProperties": [],
				"typeProperties": {
					"source": {
						"type": "JsonSource",
						"storeSettings": {
							"type": "AzureBlobFSReadSettings",
							"recursive": true,
							"enablePartitionDiscovery": false
						},
						"formatSettings": {
							"type": "JsonReadSettings"
						}
					},
					"sink": {
						"type": "JsonSink",
						"storeSettings": {
							"type": "AzureBlobFSWriteSettings"
						},
						"formatSettings": {
							"type": "JsonWriteSettings"
						}
					},
					"enableStaging": false
				},
				"inputs": [
					{
						"referenceName": "ds_crewpay_vd",
						"type": "DatasetReference",
						"parameters": {
							"path": {
								"value": "@concat('raw-pii/VD_REPORT/VD_HIST_JSON/')",
								"type": "Expression"
							},
							"filename": {
								"value": "@variables('filename')",
								"type": "Expression"
							}
						}
					}
				],
				"outputs": [
					{
						"referenceName": "ds_crewpay_vd",
						"type": "DatasetReference",
						"parameters": {
							"path": {
								"value": "@concat('vd-hist-json-archive/',pipeline().parameters.Crpay)",
								"type": "Expression"
							},
							"filename": {
								"value": "@variables('filename')",
								"type": "Expression"
							}
						}
					}
				]
			},
			{
				"name": "Delete",
				"type": "Delete",
				"dependsOn": [
					{
						"activity": "Archive_zone_Raw",
						"dependencyConditions": [
							"Succeeded"
						]
					}
				],
				"policy": {
					"timeout": "7.00:00:00",
					"retry": 0,
					"retryIntervalInSeconds": 30,
					"secureOutput": false,
					"secureInput": false
				},
				"userProperties": [],
				"typeProperties": {
					"dataset": {
						"referenceName": "ds_crewpay_vd",
						"type": "DatasetReference",
						"parameters": {
							"path": {
								"value": "@concat('raw-pii/VD_REPORT/VD_HIST_JSON/')",
								"type": "Expression"
							},
							"filename": {
								"value": "@variables('filename')",
								"type": "Expression"
							}
						}
					},
					"logStorageSettings": {
						"linkedServiceName": {
							"referenceName": "ls_crewpay_adls",
							"type": "LinkedServiceReference"
						},
						"path": "crpay-pii/log's"
					},
					"enableLogging": true,
					"storeSettings": {
						"type": "AzureBlobFSReadSettings",
						"recursive": true,
						"enablePartitionDiscovery": false
					}
				}
			},
			{
				"name": "Delete_Work-pii",
				"type": "Delete",
				"dependsOn": [
					{
						"activity": "Delete",
						"dependencyConditions": [
							"Succeeded"
						]
					}
				],
				"policy": {
					"timeout": "7.00:00:00",
					"retry": 0,
					"retryIntervalInSeconds": 30,
					"secureOutput": false,
					"secureInput": false
				},
				"userProperties": [],
				"typeProperties": {
					"dataset": {
						"referenceName": "ds_crewpay",
						"type": "DatasetReference",
						"parameters": {
							"path": {
								"value": "@concat('work-pii','/',if(equals(pipeline().parameters.Crpay,'ACRPPP4F'),'AA_HIST_STG_PPCD','AA_HIST_STG_PPAB'))",
								"type": "Expression"
							}
						}
					},
					"logStorageSettings": {
						"linkedServiceName": {
							"referenceName": "ls_crewpay_adls",
							"type": "LinkedServiceReference"
						},
						"path": "crpay-pii/log's"
					},
					"enableLogging": true,
					"storeSettings": {
						"type": "AzureBlobFSReadSettings",
						"recursive": true,
						"enablePartitionDiscovery": false
					}
				}
			},
			{
				"name": "crpay_validation_bin_json",
				"type": "DatabricksNotebook",
				"dependsOn": [
					{
						"activity": "History_load",
						"dependencyConditions": [
							"Succeeded"
						]
					}
				],
				"policy": {
					"timeout": "7.00:00:00",
					"retry": 0,
					"retryIntervalInSeconds": 30,
					"secureOutput": false,
					"secureInput": false
				},
				"userProperties": [],
				"typeProperties": {
					"notebookPath": "/crpay/crpay_pii/crpay_validation_bin_json",
					"baseParameters": {
						"BIN_JSON": {
							"value": "@if(equals(pipeline().parameters.Crpay,'ACRPPP4F'),'BIN_JSON_OUTPUT_PPCD','BIN_JSON_OUTPUT_PPAB')",
							"type": "Expression"
						},
						"Crewpay_Run": {
							"value": "@if(equals(pipeline().parameters.Crpay,'ACRPPP4F'),'PPCD','PPAB')",
							"type": "Expression"
						},
						"ProcessJson": {
							"value": "@variables('filename')",
							"type": "Expression"
						},
						"blob": {
							"value": "@pipeline().parameters.blob",
							"type": "Expression"
						},
						"storage_account_access_key": {
							"value": "@variables('Blob_Secret')",
							"type": "Expression"
						},
						"receiver_emails": {
							"value": "@activity('Parameters').Output.firstRow.Parameters.To_Email",
							"type": "Expression"
						},
						"sender_email": {
							"value": "@activity('Parameters').Output.firstRow.Parameters.From_Email",
							"type": "Expression"
						},
						"storage_account_name": {
							"value": "@activity('Parameters').Output.firstRow.Parameters.storage_account_name",
							"type": "Expression"
						}
					}
				},
				"linkedServiceName": {
					"referenceName": "ls_crewpay_adb_temp",
					"type": "LinkedServiceReference",
					"parameters": {
						"WorkspaceURL": {
							"value": "@activity('Parameters').Output.firstRow.Parameters.WorkspaceURL",
							"type": "Expression"
						},
						"Secret_Name": {
							"value": "@activity('Parameters').Output.firstRow.Parameters.Secret_Name",
							"type": "Expression"
						},
						"ClusterID": {
							"value": "@activity('Parameters').Output.firstRow.Parameters.ClusterID",
							"type": "Expression"
						}
					}
				}
			},
			{
				"name": "prepdiff",
				"type": "DatabricksNotebook",
				"dependsOn": [
					{
						"activity": "crpay_validation_bin_json",
						"dependencyConditions": [
							"Succeeded"
						]
					}
				],
				"policy": {
					"timeout": "7.00:00:00",
					"retry": 0,
					"retryIntervalInSeconds": 30,
					"secureOutput": false,
					"secureInput": false
				},
				"userProperties": [],
				"typeProperties": {
					"notebookPath": {
						"value": "/crpay/crpay_pii/VD_Test",
						"type": "Expression"
					},
					"baseParameters": {
						"PrepTableName": {
							"value": "@if(equals(pipeline().parameters.Crpay,'ACRPPP4F'),'crpay_prep.crp030_ppc_ppd_report','crpay_prep.crp030_ppa_ppb_report')",
							"type": "Expression"
						},
						"VDTableName": {
							"value": "@if(equals(pipeline().parameters.Crpay,'ACRPPP4F'),'crpay_prep.PPCDVD','crpay_prep.PPABVD')",
							"type": "Expression"
						},
						"file_location": {
							"value": "@activity('Parameters').Output.firstRow.Parameters.Raw_Input_Path",
							"type": "Expression"
						},
						"receiver_emails": {
							"value": "@activity('Parameters').Output.firstRow.Parameters.To_Email",
							"type": "Expression"
						},
						"sender_email": {
							"value": "@activity('Parameters').Output.firstRow.Parameters.From_Email",
							"type": "Expression"
						},
						"ProcessJson": {
							"value": "@concat(activity('Parameters').Output.firstRow.Parameters.Raw_Input_Path,'/VD_REPORT/VD_HIST_JSON/',variables('filename'))",
							"type": "Expression"
						},
						"Crewpay_Run": {
							"value": "@if(equals(pipeline().parameters.Crpay,'ACRPPP4F'),'PPCD','PPAB')",
							"type": "Expression"
						},
						"Month": {
							"value": "@pipeline().parameters.Prep_Month",
							"type": "Expression"
						},
						"YEAR": {
							"value": "@pipeline().parameters.Prep_Year",
							"type": "Expression"
						}
					}
				},
				"linkedServiceName": {
					"referenceName": "ls_crewpay_adb_temp",
					"type": "LinkedServiceReference",
					"parameters": {
						"WorkspaceURL": {
							"value": "@activity('Parameters').Output.firstRow.Parameters.WorkspaceURL",
							"type": "Expression"
						},
						"Secret_Name": {
							"value": "@activity('Parameters').Output.firstRow.Parameters.Secret_Name",
							"type": "Expression"
						},
						"ClusterID": {
							"value": "@activity('Parameters').Output.firstRow.Parameters.ClusterID",
							"type": "Expression"
						}
					}
				}
			},
			{
				"name": "Parameters",
				"description": "parameter",
				"type": "Lookup",
				"dependsOn": [],
				"policy": {
					"timeout": "7.00:00:00",
					"retry": 0,
					"retryIntervalInSeconds": 30,
					"secureOutput": false,
					"secureInput": false
				},
				"userProperties": [],
				"typeProperties": {
					"source": {
						"type": "JsonSource",
						"storeSettings": {
							"type": "AzureBlobStorageReadSettings",
							"recursive": true
						},
						"formatSettings": {
							"type": "JsonReadSettings"
						}
					},
					"dataset": {
						"referenceName": "ds_crewpay_blob_parameter_json",
						"type": "DatasetReference",
						"parameters": {
							"file_name": "*"
						}
					}
				}
			},
			{
				"name": "Delete_touchfiles",
				"type": "Delete",
				"dependsOn": [
					{
						"activity": "Delete_Work-pii",
						"dependencyConditions": [
							"Succeeded"
						]
					}
				],
				"policy": {
					"timeout": "7.00:00:00",
					"retry": 0,
					"retryIntervalInSeconds": 30,
					"secureOutput": false,
					"secureInput": false
				},
				"userProperties": [],
				"typeProperties": {
					"dataset": {
						"referenceName": "ds_crewpay",
						"type": "DatasetReference",
						"parameters": {
							"path": "delta-reject-pii"
						}
					},
					"logStorageSettings": {
						"linkedServiceName": {
							"referenceName": "ls_crewpay_adls",
							"type": "LinkedServiceReference"
						},
						"path": "crpay-pii/log's"
					},
					"enableLogging": true,
					"storeSettings": {
						"type": "AzureBlobFSReadSettings",
						"recursive": true,
						"wildcardFileName": "*",
						"enablePartitionDiscovery": false
					}
				}
			},
			{
				"name": "Get Secret for blob",
				"type": "WebActivity",
				"dependsOn": [
					{
						"activity": "Parameters",
						"dependencyConditions": [
							"Succeeded"
						]
					}
				],
				"policy": {
					"timeout": "7.00:00:00",
					"retry": 0,
					"retryIntervalInSeconds": 30,
					"secureOutput": false,
					"secureInput": false
				},
				"userProperties": [],
				"typeProperties": {
					"url": {
						"value": "@concat(activity('Parameters').Output.firstRow.Parameters.KeyVaultDNSName,'secrets/',activity('Parameters').Output.firstRow.Parameters.storage_account_Secret,'/?api-version=7.0')",
						"type": "Expression"
					},
					"method": "GET",
					"body": {
						"simple": "body"
					},
					"authentication": {
						"type": "MSI",
						"resource": "https://vault.azure.net"
					}
				}
			},
			{
				"name": "blob_secret",
				"type": "SetVariable",
				"dependsOn": [
					{
						"activity": "Get Secret for blob",
						"dependencyConditions": [
							"Succeeded"
						]
					}
				],
				"userProperties": [],
				"typeProperties": {
					"variableName": "Blob_Secret",
					"value": {
						"value": "@activity('Get Secret for blob').output.value",
						"type": "Expression"
					}
				}
			},
			{
				"name": "Move_Json_Rawpii_to_blob",
				"type": "Copy",
				"dependsOn": [
					{
						"activity": "VDFileName",
						"dependencyConditions": [
							"Succeeded"
						]
					}
				],
				"policy": {
					"timeout": "7.00:00:00",
					"retry": 0,
					"retryIntervalInSeconds": 30,
					"secureOutput": false,
					"secureInput": false
				},
				"userProperties": [],
				"typeProperties": {
					"source": {
						"type": "JsonSource",
						"storeSettings": {
							"type": "AzureBlobFSReadSettings",
							"recursive": true,
							"enablePartitionDiscovery": false
						},
						"formatSettings": {
							"type": "JsonReadSettings"
						}
					},
					"sink": {
						"type": "JsonSink",
						"storeSettings": {
							"type": "AzureBlobStorageWriteSettings"
						},
						"formatSettings": {
							"type": "JsonWriteSettings"
						}
					},
					"enableStaging": false
				},
				"inputs": [
					{
						"referenceName": "ds_crewpay_vdjson",
						"type": "DatasetReference",
						"parameters": {
							"path": "raw-pii/VD_REPORT/VD_HIST_JSON",
							"filename": {
								"value": "@variables('filename')",
								"type": "Expression"
							}
						}
					}
				],
				"outputs": [
					{
						"referenceName": "ds_crewpay_blob_ptest",
						"type": "DatasetReference"
					}
				]
			}
		],
		"parameters": {
			"Crpay": {
				"type": "string"
			},
			"Year": {
				"type": "string"
			},
			"Month": {
				"type": "string"
			},
			"blob": {
				"type": "string"
			},
			"Prep_Year": {
				"type": "string"
			},
			"Prep_Month": {
				"type": "string"
			},
			"Parameter_File_Name": {
				"type": "string",
				"defaultValue": "Parameters.json"
			}
		},
		"variables": {
			"filename": {
				"type": "String"
			},
			"Blob_Secret": {
				"type": "String"
			}
		},
		"folder": {
			"name": "Crewpay"
		},
		"annotations": []
	}
}