{
	"name": "Purging_Archive",
	"properties": {
		"activities": [
			{
				"name": "Purging_Archival",
				"type": "Delete",
				"dependsOn": [],
				"policy": {
					"timeout": "7.00:00:00",
					"retry": 0,
					"retryIntervalInSeconds": 30,
					"secureOutput": false,
					"secureInput": false
				},
				"userProperties": [],
				"typeProperties": {
					"dataset": {
						"referenceName": "ds_raw_archive_purge",
						"type": "DatasetReference"
					},
					"logStorageSettings": {
						"linkedServiceName": {
							"referenceName": "ls_crewpay_adls",
							"type": "LinkedServiceReference"
						},
						"path": "crpay-pii/log's"
					},
					"enableLogging": true,
					"storeSettings": {
						"type": "AzureBlobFSReadSettings",
						"recursive": true,
						"modifiedDatetimeEnd": {
							"value": "@adddays(utcnow(),-25)",
							"type": "Expression"
						},
						"wildcardFileName": "*"
					}
				}
			}
		],
		"folder": {
			"name": "Test"
		},
		"annotations": []
	}
}