{
	"name": "sftpcrewsysfiles_fromzunix_crpay",
	"properties": {
		"activities": [
			{
				"name": "Copy data1",
				"type": "Copy",
				"dependsOn": [],
				"policy": {
					"timeout": "7.00:00:00",
					"retry": 0,
					"retryIntervalInSeconds": 30,
					"secureOutput": false,
					"secureInput": false
				},
				"userProperties": [],
				"typeProperties": {
					"source": {
						"type": "BinarySource",
						"storeSettings": {
							"type": "SftpReadSettings",
							"recursive": true,
							"wildcardFileName": "*",
							"deleteFilesAfterCompletion": true
						},
						"formatSettings": {
							"type": "BinaryReadSettings"
						}
					},
					"sink": {
						"type": "BinarySink",
						"storeSettings": {
							"type": "AzureBlobStorageWriteSettings"
						}
					},
					"enableStaging": false
				},
				"inputs": [
					{
						"referenceName": "crewsysbinfiles_crpay",
						"type": "DatasetReference"
					}
				],
				"outputs": [
					{
						"referenceName": "fosdrainblob",
						"type": "DatasetReference"
					}
				]
			}
		],
		"folder": {
			"name": "sftp"
		},
		"annotations": []
	}
}