{
	"name": "Table_Optimization",
	"properties": {
		"activities": [
			{
				"name": "Optimize Tables",
				"type": "DatabricksNotebook",
				"dependsOn": [
					{
						"activity": "Parameters",
						"dependencyConditions": [
							"Succeeded"
						]
					}
				],
				"policy": {
					"timeout": "7.00:00:00",
					"retry": 0,
					"retryIntervalInSeconds": 300,
					"secureOutput": false,
					"secureInput": false
				},
				"userProperties": [],
				"typeProperties": {
					"notebookPath": {
						"value": "@activity('Parameters').Output.firstRow.Optimize_Tables",
						"type": "Expression"
					},
					"baseParameters": {
						"Secret_Scope": {
							"value": "@activity('Parameters').Output.firstRow.secret_scope",
							"type": "Expression"
						},
						"Storage": {
							"value": "@activity('Parameters').Output.firstRow.storage_name",
							"type": "Expression"
						},
						"Secret_Key": {
							"value": "@activity('Parameters').Output.firstRow.storage_key",
							"type": "Expression"
						},
						"config_File_Daily_Weekly": {
							"value": "@activity('Parameters').Output.firstRow.config_File_Daily_Weekly",
							"type": "Expression"
						},
						"config_File_Monthly": {
							"value": "@activity('Parameters').Output.firstRow.config_File_Monthly",
							"type": "Expression"
						}
					}
				},
				"linkedServiceName": {
					"referenceName": "ls_crewpay_adb_temp",
					"type": "LinkedServiceReference",
					"parameters": {
						"WorkspaceURL": {
							"value": "@activity('Parameters').Output.firstRow.Databricks_Workspace_URL",
							"type": "Expression"
						},
						"Secret_Name": {
							"value": "@activity('Parameters').Output.firstRow.Secret_Name",
							"type": "Expression"
						},
						"ClusterID": {
							"value": "@activity('Parameters').Output.firstRow.ClusterID",
							"type": "Expression"
						},
						"KeyVaultDNSName": {
							"value": "@activity('Parameters').Output.firstRow.KeyVaultDNSName",
							"type": "Expression"
						},
						"ADB_ENV": {
							"value": "@activity('Parameters').Output.firstRow.ADB_ENV",
							"type": "Expression"
						},
						"policyId": {
							"value": "@activity('Parameters').Output.firstRow.policyId",
							"type": "Expression"
						},
						"newClusterVersion": {
							"value": "@activity('Parameters').Output.firstRow.newClusterVersion",
							"type": "Expression"
						}
					}
				}
			},
			{
				"name": "Parameters",
				"type": "Lookup",
				"dependsOn": [],
				"policy": {
					"timeout": "7.00:00:00",
					"retry": 0,
					"retryIntervalInSeconds": 30,
					"secureOutput": false,
					"secureInput": false
				},
				"userProperties": [],
				"typeProperties": {
					"source": {
						"type": "JsonSource",
						"storeSettings": {
							"type": "AzureBlobFSReadSettings",
							"recursive": true
						},
						"formatSettings": {
							"type": "JsonReadSettings"
						}
					},
					"dataset": {
						"referenceName": "ds_crewpay_blob_parameter_json",
						"type": "DatasetReference",
						"parameters": {
							"file_name": {
								"value": "@pipeline().parameters.Parameter_File_Name",
								"type": "Expression"
							}
						}
					}
				}
			}
		],
		"parameters": {
			"Parameter_File_Name": {
				"type": "string",
				"defaultValue": "parameter_Crpay_Optimize.json"
			}
		},
		"folder": {
			"name": "Tables_Optimize"
		},
		"annotations": []
	}
}