{
	"name": "ds_azuresql_optimus",
	"properties": {
		"linkedServiceName": {
			"referenceName": "ls_azuresql_optimus",
			"type": "LinkedServiceReference",
			"parameters": {
				"domainname": {
					"value": "@dataset().domainname",
					"type": "Expression"
				},
				"databasename": {
					"value": "@dataset().databasename",
					"type": "Expression"
				}
			}
		},
		"parameters": {
			"domainname": {
				"type": "string"
			},
			"databasename": {
				"type": "string"
			}
		},
		"folder": {
			"name": "OAOOM"
		},
		"annotations": [],
		"type": "AzureSqlTable",
		"schema": []
	}
}