{
	"name": "ds_crewpay_drain",
	"properties": {
		"linkedServiceName": {
			"referenceName": "ls_crewpay_drian_blob",
			"type": "LinkedServiceReference"
		},
		"parameters": {
			"Containers": {
				"type": "string"
			},
			"Folder": {
				"type": "string"
			},
			"FileName": {
				"type": "string"
			}
		},
		"folder": {
			"name": "Crewpay"
		},
		"annotations": [],
		"type": "Binary",
		"typeProperties": {
			"location": {
				"type": "AzureBlobStorageLocation",
				"fileName": {
					"value": "@dataset().FileName",
					"type": "Expression"
				},
				"folderPath": {
					"value": "@dataset().Folder",
					"type": "Expression"
				},
				"container": {
					"value": "@dataset().Containers",
					"type": "Expression"
				}
			}
		}
	}
}