{
	"name": "ds_crewpay_blob",
	"properties": {
		"linkedServiceName": {
			"referenceName": "ls_crewpay_blob",
			"type": "LinkedServiceReference"
		},
		"parameters": {
			"container": {
				"type": "string"
			}
		},
		"folder": {
			"name": "Test"
		},
		"annotations": [],
		"type": "Binary",
		"typeProperties": {
			"location": {
				"type": "AzureBlobStorageLocation",
				"container": {
					"value": "@dataset().container",
					"type": "Expression"
				}
			},
			"compression": {
				"type": "gzip",
				"level": "Optimal"
			}
		}
	},
	"type": "Microsoft.DataFactory/factories/datasets"
}