{
	"name": "ds_common_gen2_cp_files",
	"properties": {
		"linkedServiceName": {
			"referenceName": "ls_crewpay_adls",
			"type": "LinkedServiceReference"
		},
		"parameters": {
			"FolderPath": {
				"type": "string"
			},
			"File": {
				"type": "string"
			}
		},
		"folder": {
			"name": "Crewpay"
		},
		"annotations": [],
		"type": "Json",
		"typeProperties": {
			"location": {
				"type": "AzureBlobFSLocation",
				"fileName": {
					"value": "@dataset().File",
					"type": "Expression"
				},
				"folderPath": {
					"value": "@dataset().FolderPath",
					"type": "Expression"
				},
				"fileSystem": "crpay-pii"
			}
		},
		"schema": {}
	}
}