{
	"name": "ds_crewpay_blob_ptest",
	"properties": {
		"linkedServiceName": {
			"referenceName": "ls_crewpay_blob",
			"type": "LinkedServiceReference"
		},
		"folder": {
			"name": "Test"
		},
		"annotations": [],
		"type": "Json",
		"typeProperties": {
			"location": {
				"type": "AzureBlobStorageLocation",
				"container": "p-test-data"
			}
		},
		"schema": {
			"type": "object",
			"properties": {
				"batch_auto_clstr_config": {
					"type": "object",
					"properties": {
						"dom_reg": {
							"type": "string"
						},
						"akv_secret_nm": {
							"type": "string"
						},
						"prvdr_type": {
							"type": "string"
						},
						"client_endpnt": {
							"type": "string"
						},
						"client_id": {
							"type": "string"
						},
						"client_secret": {
							"type": "string"
						},
						"auth_type": {
							"type": "string"
						},
						"adb_delt_prev_enable": {
							"type": "string"
						},
						"stop_active_run": {
							"type": "string"
						},
						"aa_location": {
							"type": "string"
						},
						"aa_vertical": {
							"type": "string"
						},
						"aa_subservice": {
							"type": "string"
						},
						"aa_application": {
							"type": "string"
						},
						"aa_security": {
							"type": "string"
						},
						"aa_costcenter": {
							"type": "string"
						},
						"aa_app_id": {
							"type": "string"
						},
						"ba_data_product": {
							"type": "string"
						},
						"aa_sdlc_env": {
							"type": "string"
						},
						"clstr_drv_nd_type": {
							"type": "string"
						},
						"clstr_vrsn": {
							"type": "string"
						},
						"clstr_nd_type": {
							"type": "string"
						},
						"workers": {
							"type": "string"
						}
					}
				}
			}
		}
	}
}