{
	"name": "ds_crewpay_vdjson",
	"properties": {
		"linkedServiceName": {
			"referenceName": "ls_crewpay_adls",
			"type": "LinkedServiceReference"
		},
		"parameters": {
			"path": {
				"type": "string"
			},
			"filename": {
				"type": "string"
			}
		},
		"folder": {
			"name": "Test"
		},
		"annotations": [],
		"type": "Json",
		"typeProperties": {
			"location": {
				"type": "AzureBlobFSLocation",
				"fileName": {
					"value": "@dataset().filename",
					"type": "Expression"
				},
				"folderPath": {
					"value": "@dataset().path",
					"type": "Expression"
				},
				"fileSystem": "crpay-pii"
			}
		},
		"schema": {
			"type": "object",
			"properties": {
				"REC_NUMBER": {
					"type": "integer"
				},
				"FILL": {
					"type": "string"
				},
				"PPABCD_RECORD": {
					"type": "array",
					"items": {
						"type": "object",
						"properties": {
							"LineId": {
								"type": "integer"
							},
							"EmployeeGroupId": {
								"type": "integer"
							},
							"StartDate": {
								"type": "string"
							},
							"EndDate": {
								"type": "string"
							},
							"EmployeeName": {
								"type": "string"
							},
							"EmployeeNumber": {
								"type": "string"
							},
							"EmployeeStation": {
								"type": "string"
							},
							"DomesticInternational": {
								"type": "string"
							},
							"DATA": {
								"type": "string"
							}
						}
					}
				},
				"FILL_1": {
					"type": "string"
				}
			}
		}
	}
}