{
	"name": "ds_oaoom_deltapath",
	"properties": {
		"linkedServiceName": {
			"referenceName": "ls_crewpay_adls",
			"type": "LinkedServiceReference"
		},
		"parameters": {
			"dir_path": {
				"type": "string"
			},
			"file_name": {
				"type": "string"
			}
		},
		"folder": {
			"name": "OAOOM"
		},
		"annotations": [],
		"type": "Parquet",
		"typeProperties": {
			"location": {
				"type": "AzureBlobFSLocation",
				"fileName": {
					"value": "@dataset().file_name",
					"type": "Expression"
				},
				"folderPath": {
					"value": "@dataset().dir_path",
					"type": "Expression"
				},
				"fileSystem": "crpay"
			},
			"compressionCodec": "snappy"
		},
		"schema": [
			{
				"name": "CREW_TKG_RPT",
				"type": "UTF8"
			},
			{
				"name": "CREW_POST_TKG_RPT",
				"type": "UTF8"
			},
			{
				"name": "NFZ_OUT_PART",
				"type": "UTF8"
			},
			{
				"name": "NFZ_OUT_IND",
				"type": "UTF8"
			},
			{
				"name": "NFZ_OUT_STA",
				"type": "UTF8"
			},
			{
				"name": "NFZ_OUT_NBR",
				"type": "UTF8"
			},
			{
				"name": "NFZ_OUT_CTR",
				"type": "UTF8"
			},
			{
				"name": "NFZ_OUT_NAME",
				"type": "UTF8"
			},
			{
				"name": "LOAD_TIME",
				"type": "UTF8"
			},
			{
				"name": "PRE_INPUT_FILENAME",
				"type": "UTF8"
			},
			{
				"name": "POST_INPUT_FILENAME",
				"type": "UTF8"
			},
			{
				"name": "YEAR",
				"type": "UTF8"
			},
			{
				"name": "MONTH",
				"type": "UTF8"
			}
		]
	}
}