{
	"name": "ds_raw_archive_copy1",
	"properties": {
		"linkedServiceName": {
			"referenceName": "ls_crewpay_adls",
			"type": "LinkedServiceReference"
		},
		"parameters": {
			"filename": {
				"type": "string"
			}
		},
		"folder": {
			"name": "Test"
		},
		"annotations": [],
		"type": "Binary",
		"typeProperties": {
			"location": {
				"type": "AzureBlobFSLocation",
				"fileName": {
					"value": "@dataset().filename",
					"type": "Expression"
				},
				"folderPath": "his-converted-archive",
				"fileSystem": "crpay-pii"
			},
			"compression": {
				"type": "ZipDeflate",
				"level": "Fastest"
			}
		}
	}
}