{
	"name": "jse_Restapi",
	"properties": {
		"linkedServiceName": {
			"referenceName": "ls_RESTAPI_JSE",
			"type": "LinkedServiceReference"
		},
		"parameters": {
			"drainName": {
				"type": "string"
			},
			"restAPI_URL": {
				"type": "string"
			}
		},
		"folder": {
			"name": "Crewpay"
		},
		"annotations": [],
		"type": "RestResource",
		"typeProperties": {
			"relativeUrl": {
				"value": "@concat(dataset().restAPI_URL,dataset().drainName)",
				"type": "Expression"
			}
		},
		"schema": []
	}
}