{
	"name": "ls_azuresql_optimus",
	"properties": {
		"parameters": {
			"domainname": {
				"type": "string"
			},
			"databasename": {
				"type": "string"
			}
		},
		"annotations": [],
		"type": "AzureSqlDatabase",
		"typeProperties": {
			"connectionString": "Integrated Security=False;Encrypt=True;Connection Timeout=30;Data Source=@{linkedService().domainname};Initial Catalog=@{linkedService().databasename}"
		},
		"connectVia": {
			"referenceName": "selfhostedir",
			"type": "IntegrationRuntimeReference"
		}
	}
}