{
	"name": "ls_crewpay_adb_temp",
	"properties": {
		"parameters": {
			"WorkspaceURL": {
				"type": "string"
			},
			"Secret_Name": {
				"type": "string"
			},
			"ClusterID": {
				"type": "string"
			},
			"KeyVaultDNSName": {
				"type": "string"
			},
			"ADB_ENV": {
				"type": "string",
				"defaultValue": "N"
			},
			"policyId": {
				"type": "string",
				"defaultValue": "000826CB7966566D"
			},
			"newClusterVersion": {
				"type": "string",
				"defaultValue": "13.3.x-scala2.12"
			}
		},
		"annotations": [],
		"type": "AzureDatabricks",
		"typeProperties": {
			"domain": "@linkedService().WorkspaceURL",
			"accessToken": {
				"type": "AzureKeyVaultSecret",
				"store": {
					"referenceName": "ls_crewpay_kv",
					"type": "LinkedServiceReference",
					"parameters": {
						"KeyVaultDNSName": {
							"value": "@linkedService().KeyVaultDNSName",
							"type": "Expression"
						}
					}
				},
				"secretName": {
					"value": "@linkedService().Secret_Name",
					"type": "Expression"
				}
			},
			"instancePoolId": "@linkedService().ClusterID",
			"newClusterNumOfWorker": "5",
			"newClusterSparkEnvVars": {
				"ADB_ENV": {
					"value": "@linkedService().ADB_ENV",
					"type": "Expression"
				},
				"METACXN": "{{secrets/orion-meta-adb-secret-scope/orion-001-metadbcxn-secret}}",
				"METAPASS": "{{secrets/orion-meta-adb-secret-scope/orion-001-metadbpass-secret}}",
				"METAUSER": "{{secrets/orion-meta-adb-secret-scope/orion-001-metadbuser-secret}}",
				"PACK_PYPI_URL": "{{secrets/orion-meta-adb-secret-scope/orion-001-packpyurl-secret}}",
				"PACK_USER_TOKEN": "{{secrets/orion-meta-adb-secret-scope/orion-001-packusertoken-secret}}",
				"PYSPARK_PYTHON": "/databricks/python3/bin/python3"
			},
			"newClusterCustomTags": {
				"x_aa-app-id": "7678077",
				"x_aa-application": "crpay",
				"x_aa-costcenter": "0900/1973",
				"x_ba-delivery-manager": "256565",
				"x_ba-delivery-team-email": "DL_BA_Crew@aa.com",
				"x_ba-product": "Data Engineering and Analytics Services",
				"x_ba-product-group": "Data Engineering Automation and Analytics",
				"x_ba-subproduct": "Data Engineering and Analytics Services"
			},
			"newClusterVersion": "@linkedService().newClusterVersion",
			"newClusterInitScripts": [
				"/Workspace/Orionplatform/initscripts/orion-teradata-installer.sh",
				"/Workspace/Orionplatform/initscripts/orion-O365-installer.sh"
			],
			"clusterOption": "Fixed",
			"policyId": {
				"value": "@linkedService().policyId",
				"type": "Expression"
			}
		}
	}
}