{
	"name": "ls_crewpay_adb_job_clstr",
	"properties": {
		"type": "AzureDatabricks",
		"description": "Linked service to create automated jobs cluster for batch process notebooks",
		"parameters": {
			"dom_reg": {
				"type": "string",
				"defaultValue": "https://eastus.azuredatabricks.net"
			},
			"akv_secret_nm": {
				"type": "string",
				"defaultValue": "ba-n-crpay-001-sp-secret-Databricksv1"
			},
			"clstr_vrsn": {
				"type": "string",
				"defaultValue": "7.3.x-scala2.12"
			},
			"clstr_nd_type": {
				"type": "string",
				"defaultValue": "Standard_D12_v2"
			},
			"workers": {
				"type": "string",
				"defaultValue": "8"
			},
			"aa_location": {
				"type": "string",
				"defaultValue": "eastus"
			},
			"aa_vertical": {
				"type": "string",
				"defaultValue": "ba"
			},
			"aa_subservice": {
				"type": "string",
				"defaultValue": "orion-adb"
			},
			"aa_application": {
				"type": "string",
				"defaultValue": "crpay"
			},
			"aa_security": {
				"type": "string",
				"defaultValue": "reserved"
			},
			"aa_costcenter": {
				"type": "string",
				"defaultValue": "0900/1973"
			},
			"aa_app_id": {
				"type": "string",
				"defaultValue": "189986"
			},
			"ba_data_product": {
				"type": "string",
				"defaultValue": "Airline & Crew & Ops 360"
			},
			"aa_sdlc_env": {
				"type": "string",
				"defaultValue": "nonprod"
			},
			"clstr_drv_nd_type": {
				"type": "string",
				"defaultValue": "Standard_D12_v2"
			},
			"prvdr_type": {
				"type": "string",
				"defaultValue": "org.apache.hadoop.fs.azurebfs.oauth2.ClientCredsTokenProvider"
			},
			"client_endpnt": {
				"type": "string",
				"defaultValue": "https://login.microsoftonline.com/49793faf-eb3f-4d99-a0cf-aef7cce79dc1/oauth2/token"
			},
			"client_id": {
				"type": "string",
				"defaultValue": "870e34de-b087-49ab-a19b-89c8c1744857"
			},
			"client_secret": {
				"type": "string",
				"defaultValue": "{{secrets/n-crpay-sp-secret-scope/ba-n-crpay-001-sp-secret}}"
			},
			"auth_type": {
				"type": "string",
				"defaultValue": "OAuth"
			},
			"adb_delt_prev_enable": {
				"type": "string",
				"defaultValue": "true"
			},
			"stop_active_run": {
				"type": "string",
				"defaultValue": "true"
			},
			"policy_id": {
				"type": "string",
				"defaultValue": "D95FAC0E150001F2"
			},
			"aa_component_id": {
				"type": "string",
				"defaultValue": "c831"
			}
		},
		"annotations": [],
		"typeProperties": {
			"domain": "@linkedService().dom_reg",
			"accessToken": {
				"type": "AzureKeyVaultSecret",
				"store": {
					"referenceName": "ls_crewpay_kv",
					"type": "LinkedServiceReference"
				},
				"secretName": {
					"value": "@linkedService().akv_secret_nm",
					"type": "Expression"
				}
			},
			"newClusterNodeType": "@linkedService().clstr_nd_type",
			"newClusterNumOfWorker": "3",
			"newClusterSparkConf": {
				"fs.azure.account.oauth.provider.type.aabaoriondlsnp.dfs.core.windows.net": {
					"value": "@linkedService().prvdr_type",
					"type": "Expression"
				},
				"fs.azure.account.oauth2.client.endpoint.aabaoriondlsnp.dfs.core.windows.net": {
					"value": "@linkedService().client_endpnt",
					"type": "Expression"
				},
				"fs.azure.account.oauth2.client.id.aabaoriondlsnp.dfs.core.windows.net": {
					"value": "@linkedService().client_id",
					"type": "Expression"
				},
				"fs.azure.account.oauth2.client.secret.aabaoriondlsnp.dfs.core.windows.net": {
					"value": "@linkedService().client_secret",
					"type": "Expression"
				},
				"fs.azure.account.auth.type.aabaoriondlsnp.dfs.core.windows.net": {
					"value": "@linkedService().auth_type",
					"type": "Expression"
				},
				"spark.databricks.delta.preview.enabled": {
					"value": "@linkedService().adb_delt_prev_enable",
					"type": "Expression"
				},
				"spark.sql.streaming.stopActiveRunOnRestart": {
					"value": "@linkedService().stop_active_run",
					"type": "Expression"
				}
			},
			"newClusterSparkEnvVars": {
				"METAPASS": "{{secrets/orion-meta-adb-secret-scope/orion-001-metadbpass-secret}}",
				"METACXN": "{{secrets/orion-meta-adb-secret-scope/orion-001-metadbcxn-secret}}",
				"METAUSER": "{{secrets/orion-meta-adb-secret-scope/orion-001-metadbuser-secret}}",
				"PYSPARK_PYTHON": "/databricks/python3/bin/python3"
			},
			"newClusterCustomTags": {
				"aa-location": {
					"value": "@linkedService().aa_location",
					"type": "Expression"
				},
				"aa-vertical": {
					"value": "@linkedService().aa_vertical",
					"type": "Expression"
				},
				"aa.subservice": {
					"value": "@linkedService().aa_subservice",
					"type": "Expression"
				},
				"aa-application": {
					"value": "@linkedService().aa_application",
					"type": "Expression"
				},
				"aa-security": {
					"value": "@linkedService().aa_security",
					"type": "Expression"
				},
				"aa-costcenter": {
					"value": "@linkedService().aa_costcenter",
					"type": "Expression"
				},
				"aa-app-id": {
					"value": "@linkedService().aa_app_id",
					"type": "Expression"
				},
				"ba-data-product": {
					"value": "@linkedService().ba_data_product",
					"type": "Expression"
				},
				"aa-sdlc-environment": {
					"value": "@linkedService().aa_sdlc_env",
					"type": "Expression"
				},
				"x_ba-delivery-team-email": "DL_BA_Crew@aa.com",
				"x_ba-product-group": "Business Analytics",
				"x_aa-application": "FATS0",
				"x_aa-costcenter": "0900/1973",
				"x_ba-delivery-manager": "256565",
				"x_aa-app-id": "189986",
				"x_ba-subproduct": "Operations",
				"x_ba-product": "Enterprise Data and Privacy",
				"aa-component-id": {
					"value": "@linkedService().aa_component_id",
					"type": "Expression"
				}
			},
			"newClusterVersion": "@linkedService().clstr_vrsn",
			"newClusterInitScripts": [
				"dbfs:/databricks/scripts/orion-external-metastore.bash"
			],
			"newClusterDriverNodeType": "@linkedService().clstr_drv_nd_type",
			"policyId": "@linkedService().policy_id"
		}
	}
}